Time (sec),Rotation_X (deg),Height_Z (mm)
0.000,0.000,0.000
0.033,0.000,0.000
0.067,0.000,-0.003
0.100,0.002,-0.006
0.133,0.000,-0.006
0.167,-0.000,-0.006
0.200,0.002,-0.006
0.233,0.003,-0.006
0.267,0.003,-0.006
0.300,0.003,-0.005
0.333,0.003,-0.005
0.367,0.001,-0.005
0.400,0.001,-0.005
0.433,0.001,-0.005
0.467,0.002,-0.004
0.500,0.002,-0.004
0.533,0.002,-0.004
0.567,0.003,-0.006
0.600,0.005,-0.008
0.633,0.006,-0.009
0.667,0.006,-0.009
0.700,0.006,-0.009
0.733,0.006,-0.009
0.767,0.006,1.694
0.800,0.008,1.521
0.833,0.008,1.521
0.867,0.008,1.521
0.900,0.008,1.521
0.933,0.006,1.368
0.967,0.006,1.368
1.000,0.006,1.368
1.033,0.006,1.230
1.067,0.004,1.108
1.100,0.004,1.108
1.133,0.002,0.996
1.167,0.002,0.996
1.200,0.001,0.895
1.233,0.002,0.803
1.267,0.002,0.803
1.300,0.002,0.721
1.333,0.002,0.721
1.367,0.002,0.721
1.400,0.002,0.721
1.433,0.002,0.648
1.467,0.002,0.582
1.500,0.001,0.523
1.533,0.001,0.523
1.567,0.001,0.523
1.600,0.001,0.523
1.633,0.003,0.467
1.667,0.004,0.418
1.700,0.004,0.375
1.733,0.003,0.335
1.767,0.003,0.335
1.800,0.003,0.300
1.833,0.002,0.270
1.867,0.001,0.242
1.900,0.003,0.215
1.933,0.002,0.193
1.967,0.002,0.193
2.000,0.001,0.173
2.033,0.002,0.153
2.067,0.002,0.153
2.100,0.002,0.153
2.133,0.002,0.153
2.167,-0.000,0.138
2.200,-0.000,0.138
2.233,-0.000,0.138
2.267,-0.000,0.138
2.300,-0.000,0.138
2.333,0.001,0.121
2.367,0.001,0.121
2.400,0.001,0.121
2.433,0.002,0.107
2.467,0.002,0.107
2.500,0.001,0.096
2.533,0.002,0.085
2.567,0.002,0.085
2.600,0.003,0.074
2.633,0.003,0.065
2.667,0.003,0.057
2.700,0.003,0.050
2.733,0.003,0.050
2.767,0.002,0.044
2.800,0.003,0.037
2.833,0.003,0.037
2.867,0.005,0.031
2.900,0.005,0.031
2.933,0.005,0.031
2.967,0.004,0.028
3.000,0.004,0.028
3.033,0.003,0.023
3.067,0.003,0.023
3.100,0.003,0.023
3.133,0.003,0.023
3.167,0.003,0.023
3.200,0.003,0.023
3.233,0.005,0.018
3.267,0.005,0.018
3.300,0.005,0.018
3.333,0.005,0.018
3.367,0.005,0.018
3.400,0.005,0.018
3.433,0.005,0.018
3.467,0.005,1.717
3.500,0.005,1.717
3.533,0.005,1.717
3.567,0.005,1.717
3.600,0.005,1.717
3.700,0.005,1.717
3.733,0.005,1.523
3.767,0.005,1.523
3.800,0.552,2.534
3.833,0.552,2.534
3.867,0.552,2.248
3.900,1.085,3.209
3.933,1.637,4.033
3.967,1.637,4.033
4.000,1.637,4.033
4.033,1.637,4.033
4.067,2.133,4.891
4.100,2.133,4.891
4.133,2.133,4.891
4.167,2.568,5.648
4.200,2.962,6.328
4.233,2.962,6.328
4.267,2.962,6.328
4.300,2.962,6.328
4.333,3.288,6.896
4.367,3.288,6.896
4.400,3.568,7.327
4.433,3.790,7.680
4.467,3.790,7.680
4.500,3.790,7.680
4.533,3.790,7.680
4.567,3.790,7.680
4.600,3.917,7.863
4.633,3.917,7.863
4.667,3.917,7.863
4.700,3.917,7.863
4.733,3.917,7.863
4.767,3.917,7.863
4.800,3.917,7.863
4.833,3.917,7.863
4.867,3.917,7.863
4.900,3.917,7.863
4.933,3.917,7.766
4.967,3.859,7.607
5.000,3.859,7.607
5.033,3.859,7.607
5.067,3.767,7.414
5.100,3.767,7.414
5.133,3.767,7.414
5.167,3.767,7.414
5.200,3.637,7.117
5.233,3.499,6.811
5.267,3.499,6.811
5.300,3.499,6.811
5.333,3.499,6.811
5.367,3.295,6.429
5.400,3.118,6.051
5.433,2.957,5.670
5.467,2.787,5.302
5.500,2.787,6.178
5.533,2.787,6.178
5.567,2.787,6.178
5.600,2.787,6.178
5.633,2.553,5.623
5.667,2.553,5.623
5.700,2.553,6.723
5.733,2.553,6.723
5.767,2.553,6.723
5.800,2.553,6.723
5.833,2.553,6.723
5.867,2.553,6.723
5.900,2.553,6.723
5.933,2.553,6.723
5.967,2.194,5.834
6.000,1.854,4.996
6.033,1.854,4.996
6.067,1.516,4.195
6.100,1.516,4.195
6.133,1.190,3.443
6.167,1.190,5.320
6.200,0.870,4.384
6.233,0.870,4.384
6.267,0.870,4.384
6.300,0.870,4.384
6.333,0.870,4.384
6.367,0.870,4.384
6.400,0.507,3.378
6.433,0.168,2.440
6.467,-0.149,1.561
6.500,-0.149,1.561
6.533,-0.149,1.561
6.567,-0.149,1.561
6.600,-0.149,1.561
6.633,-0.149,1.561
6.667,-0.496,0.667
6.700,-0.496,0.667
6.733,-0.496,0.667
6.767,-0.822,-0.137
6.800,-0.822,-0.137
6.833,-1.114,-0.881
6.867,-1.114,-0.881
6.900,-1.114,-0.881
6.933,-1.114,-0.881
6.967,-1.114,-0.881
7.000,-1.114,-0.881
7.033,-1.114,-0.881
7.067,-1.114,-0.881
7.100,-1.114,-0.881
7.133,-1.114,-0.881
7.167,-1.114,-0.881
7.200,-1.114,-0.881
7.233,-1.114,-0.881
7.267,-1.114,-0.881
7.300,-1.369,-1.532
7.333,-1.369,-1.532
7.367,-1.369,-1.532
7.400,-1.596,-2.115
7.433,-1.596,-2.115
7.467,-1.796,-2.639
7.500,-1.964,-3.105
7.533,-1.964,-3.105
7.567,-1.964,-3.105
7.600,-2.119,-3.519
7.633,-2.268,-3.878
7.667,-2.398,-4.211
7.700,-2.398,-4.211
7.733,-2.398,-4.211
7.767,-2.398,-4.211
7.800,-2.500,-4.494
7.833,-2.590,-4.749
7.867,-2.590,-4.749
7.900,-2.590,-4.749
7.933,-2.590,-4.749
7.967,-2.590,-4.749
8.000,-2.644,-4.959
8.033,-2.644,-4.959
8.067,-2.688,-5.149
8.100,-2.688,-5.149
8.133,-2.688,-5.149
8.167,-2.688,-5.149
8.200,-2.688,-5.149
8.233,-2.688,-5.149
8.267,-2.688,-5.149
8.300,-2.688,-5.149
8.333,-2.688,-5.149
8.367,-2.688,-5.149
8.400,-2.688,-5.149
8.433,-2.688,-5.149
8.467,-2.728,-5.271
8.500,-2.745,-5.380
8.533,-2.754,-5.486
8.567,-2.754,-5.486
8.600,-2.761,-5.563
8.633,-2.761,-5.563
8.667,-2.761,-5.563
8.700,-2.761,-5.563
8.733,-2.761,-5.563
8.767,-2.761,-5.563
8.800,-2.761,-5.563
8.833,-2.761,-5.563
8.867,-2.754,-5.603
8.900,-2.754,-5.603
8.933,-2.754,-5.603
8.967,-2.757,-5.615
9.000,-2.743,-5.641
9.033,-2.743,-5.641
9.067,-2.743,-5.641
9.100,-2.723,-5.660
9.133,-2.723,-5.660
9.167,-2.723,-5.660
9.200,-2.711,-5.665
9.233,-2.711,-5.665
9.267,-2.703,-5.661
9.300,-2.703,-5.661
9.333,-2.688,-5.669
9.367,-2.688,-5.669
9.400,-2.671,-5.671
9.433,-2.671,-5.671
9.467,-2.659,-5.679
9.500,-2.646,-5.699
9.533,-2.646,-5.699
9.567,-2.639,-5.720
9.600,-2.644,-5.751
9.633,-2.652,-5.798
9.667,-2.657,-5.844
9.700,-2.657,-5.844
9.733,-2.657,-5.844
9.767,-2.657,-5.844
9.800,-2.657,-5.844
9.833,-2.677,-5.911
9.867,-2.677,-5.911
9.900,-2.677,-5.911
9.933,-2.702,-5.986
9.967,-2.702,-5.986
10.000,-2.702,-5.986
10.033,-2.739,-6.065
10.067,-2.739,-6.065
10.100,-2.739,-6.065
10.133,-2.739,-6.065
10.167,-2.773,-6.168
10.200,-2.814,-6.269
10.233,-2.814,-6.269
10.267,-2.814,-6.269
10.300,-3.252,-5.463
10.333,-3.252,-5.657
10.367,-3.255,-5.833
10.400,-3.261,-5.999
10.433,-3.261,-5.999
10.467,-3.261,-5.999
10.500,-3.261,-5.999
10.533,-3.284,-6.162
10.567,-3.303,-6.316
10.600,-3.303,-6.316
10.633,-3.303,-6.316
10.667,-3.303,-6.316
10.700,-3.303,-6.316
10.733,-3.303,-6.316
10.767,-3.335,-6.485
10.800,-3.335,-6.485
10.833,-3.335,-6.485
10.867,-3.335,-6.485
10.900,-3.335,-6.485
10.933,-3.335,-6.485
10.967,-3.335,-6.485
11.000,-3.335,-6.485
11.033,-3.335,-6.485
11.067,-3.384,-6.674
11.100,-3.431,-6.852
11.133,-3.431,-6.852
11.167,-3.431,-6.852
11.233,-3.431,-6.852
11.267,-3.482,-7.032
11.300,-3.482,-7.032
11.333,-3.482,-7.032
11.367,-3.482,-7.032
11.400,-3.541,-7.215
11.433,-3.541,-7.215
11.467,-3.541,-7.215
11.500,-3.541,-7.215
11.533,-3.541,-7.215
11.567,-3.541,-7.215
11.600,-3.541,-7.215
11.633,-3.541,-7.215
11.667,-3.605,-7.419
11.700,-3.664,-7.598
11.733,-3.664,-7.598
11.767,-3.664,-7.598
11.800,-3.664,-7.598
11.833,-3.716,-7.750
11.867,-3.716,-7.750
11.900,-3.757,-7.880
11.933,-3.757,-7.880
11.967,-3.757,-7.880
12.000,-3.757,-7.880
12.033,-3.757,-7.880
12.067,-3.757,-7.880
12.100,-3.757,-7.880
12.133,-3.757,-7.880
12.167,-3.772,-7.972
12.200,-3.772,-7.972
12.267,-3.784,-8.038
12.300,-3.784,-8.038
12.333,-3.784,-8.038
12.367,-3.784,-8.038
12.400,-3.779,-8.086
12.433,-3.778,-8.116
12.467,-3.778,-8.116
12.500,-3.778,-8.116
12.533,-3.778,-8.116
12.567,-3.778,-8.116
12.600,-3.763,-8.126
12.633,-3.748,-8.129
12.667,-3.748,-8.129
12.700,-3.748,-8.129
12.733,-3.748,-8.129
12.767,-3.748,-8.129
12.800,-3.748,-8.129
12.833,-3.718,-8.106
12.867,-3.690,-8.087
12.900,-3.659,-8.064
12.933,-3.659,-8.064
12.967,-3.659,-8.064
13.000,-3.626,-8.032
13.033,-3.626,-8.032
13.067,-3.596,-7.991
13.100,-3.567,-7.953
13.133,-3.538,-7.918
13.167,-3.538,-7.918
13.200,-3.507,-7.876
13.233,-3.507,-7.876
13.267,-3.478,-7.829
13.300,-3.451,-7.782
13.333,-3.427,-7.742
13.367,-3.406,-7.705
13.400,-3.383,-7.675
13.433,-3.365,-7.642
13.467,-3.365,-7.642
13.500,-3.365,-7.642
13.533,-3.347,-7.608
13.567,-3.347,-7.608
13.600,-3.347,-7.608
13.633,-3.347,-7.608
13.667,-3.332,-7.567
13.700,-3.332,-7.567
13.733,-3.317,-7.528
13.767,-3.317,-7.528
13.800,-3.303,-7.492
13.833,-3.303,-7.492
13.867,-3.284,-7.464
13.900,-3.272,-7.435
13.933,-3.272,-7.435
13.967,-3.259,-7.405
14.000,-3.259,-7.405
14.033,-3.245,-7.378
14.067,-3.245,-7.378
14.100,-3.245,-7.378
14.133,-3.245,-7.378
14.167,-3.230,-7.346
14.200,-3.216,-7.315
14.233,-3.216,-7.315
14.267,-3.216,-7.315
14.300,-3.216,-7.315
14.333,-3.216,-7.315
14.367,-3.216,-7.315
14.400,-3.216,-7.315
14.433,-3.216,-7.315
14.467,-3.216,-7.315
14.500,-3.202,-7.284
14.533,-3.189,-7.259
14.567,-3.189,-7.259
14.600,-3.189,-7.259
14.633,-3.189,-7.259
14.667,-3.189,-7.259
14.700,-3.189,-7.259
14.733,-3.189,-7.259
14.767,-3.189,-7.259
14.800,-3.169,-7.225
14.833,-3.169,-7.225
14.867,-3.169,-7.225
14.900,-3.169,-7.225
14.933,-3.169,-7.225
14.967,-3.169,-7.225
15.000,-3.169,-7.225
15.033,-3.148,-7.177
15.067,-3.148,-7.177
15.100,-3.148,-7.177
15.133,-3.148,-7.177
15.167,-3.148,-7.177
15.200,-3.148,-7.177
15.233,-3.127,-7.128
15.267,-3.127,-7.128
15.300,-3.127,-7.128
15.333,-3.127,-7.128
15.367,-3.104,-7.077
15.400,-3.083,-7.029
15.433,-3.059,-6.991
15.467,-3.059,-6.991
15.500,-3.036,-6.938
15.533,-3.016,-6.885
15.567,-3.016,-6.885
15.600,-3.016,-6.885
15.633,-3.016,-6.885
15.667,-3.016,-6.885
15.700,-3.002,-6.834
15.733,-3.002,-6.834
15.767,-3.002,-6.834
15.800,-3.002,-6.834
15.833,-2.986,-6.790
15.867,-2.973,-6.749
15.900,-2.961,-6.711
15.933,-2.961,-6.711
15.967,-2.954,-6.674
16.000,-2.947,-6.639
16.033,-2.939,-6.610
16.067,-2.933,-6.582
16.100,-2.933,-6.582
16.133,-2.933,-6.582
16.167,-2.930,-6.555
16.200,-2.930,-6.555
16.233,-2.930,-6.555
16.267,-2.930,-6.555
16.300,-2.922,-6.535
16.333,-2.914,-6.517
16.367,-2.909,-6.498
16.400,-2.909,-6.498
16.433,-2.902,-6.483
16.467,-2.899,-6.467
16.500,-2.899,-6.450
16.533,-2.899,-6.450
16.567,-2.899,-6.450
16.600,-2.899,-6.450
16.633,-2.899,-6.436
16.667,-2.899,-6.436
16.700,-2.899,-6.436
16.733,-2.899,-6.436
16.767,-2.898,-6.426
16.800,-2.894,-6.423
16.833,-2.894,-6.423
16.867,-2.894,-6.423
16.900,-2.889,-6.419
16.933,-2.889,-6.419
16.967,-2.889,-6.419
17.000,-2.886,-6.420
17.033,-2.886,-6.420
17.067,-2.886,-6.420
17.100,-2.886,-6.420
17.133,-2.886,-6.420
17.167,-2.887,-6.421
17.200,-2.890,-6.422
17.233,-2.890,-6.422
17.267,-2.890,-6.422
17.300,-2.888,-6.427
17.333,-2.887,-6.431
17.367,-2.886,-6.434
17.400,-2.890,-6.436
17.433,-2.890,-6.436
17.467,-2.890,-6.436
17.500,-2.890,-6.436
17.533,-2.890,-6.436
17.567,-2.890,-6.436
17.600,-2.893,-6.436
17.633,-2.892,-6.439
17.667,-2.892,-6.439
17.700,-2.892,-6.439
17.733,-2.892,-6.439
17.767,-2.892,-6.439
17.800,-2.897,-6.438
17.833,-2.898,-6.441
17.867,-2.895,-6.450
17.900,-2.895,-6.450
17.933,-2.899,-6.451
17.967,-2.944,-6.411
18.000,-2.944,-6.411
18.033,-2.944,-6.411
18.067,-2.944,-6.411
18.100,-2.944,-6.411
18.133,-2.944,-6.411
18.167,-2.944,-6.411
18.200,-2.945,-6.431
18.233,-2.945,-6.431
18.267,-2.947,-6.441
18.300,-2.949,-6.449
18.333,-2.949,-6.457
18.367,-2.953,-6.461
18.400,-2.961,-6.460
18.433,-2.961,-6.460
18.467,-2.961,-6.460
18.500,-2.961,-6.460
18.533,-2.961,-6.460
18.567,-2.961,-6.460
18.600,-2.965,-6.466
18.633,-2.965,-6.466
18.667,-2.965,-6.466
18.700,-2.969,-6.472
18.733,-2.977,-6.477
18.767,-2.981,-6.485
18.800,-2.991,-6.491
18.833,-2.991,-6.491
18.867,-2.997,-6.504
18.900,-3.002,-6.519
18.933,-3.002,-6.519
18.967,-3.013,-6.525
19.000,-3.013,-6.525
19.033,-3.013,-6.525
19.067,-3.025,-6.525
19.100,-3.025,-6.525
19.133,-3.025,-6.525
19.167,-3.025,-6.525
19.200,-3.032,-6.541
19.233,-3.032,-6.541
19.267,-3.032,-6.541
19.300,-3.032,-6.541
19.333,-3.032,-6.541
19.367,-3.032,-6.541
19.400,-3.046,-6.562
19.433,-3.046,-6.562
19.467,-3.046,-6.562
19.500,-3.054,-6.578
19.533,-3.066,-6.595
19.567,-3.076,-6.612
19.600,-3.088,-6.628
19.633,-3.088,-6.628
19.667,-3.088,-6.628
19.700,-3.088,-6.628
19.733,-3.088,-6.628
19.767,-3.088,-6.628
19.800,-3.100,-6.642
19.833,-3.100,-6.642
19.867,-3.113,-6.664
19.900,-3.127,-6.682
19.933,-3.140,-6.697
19.967,-3.152,-6.712
20.000,-3.160,-6.723
20.033,-3.160,-6.723
20.067,-3.170,-6.734
20.100,-3.181,-6.753
20.133,-3.194,-6.772
20.167,-3.207,-6.797
20.200,-3.207,-6.797
20.233,-3.207,-6.797
20.267,-3.221,-6.839
20.300,-3.234,-6.880
20.333,-3.234,-6.880
20.367,-3.254,-6.918
20.400,-3.254,-6.918
20.433,-3.254,-6.918
20.467,-3.254,-6.918
20.500,-3.254,-6.918
20.533,-3.254,-6.918
20.567,-3.254,-6.918
20.600,-3.254,-6.918
20.633,-3.254,-6.918
20.667,-3.254,-6.918
20.700,-3.277,-6.962
20.733,-3.277,-6.962
20.767,-3.298,-7.002
20.800,-3.298,-7.002
20.833,-3.298,-7.002
20.867,-3.298,-7.002
20.900,-3.298,-7.002
20.933,-3.298,-7.002
20.967,-3.298,-7.002
21.000,-3.319,-7.057
21.033,-3.319,-7.057
21.067,-3.336,-7.100
21.100,-3.336,-7.100
21.133,-3.336,-7.100
21.167,-3.336,-7.100
21.200,-3.336,-7.100
21.233,-3.336,-7.100
21.267,-3.357,-7.144
21.300,-3.357,-7.144
21.333,-3.357,-7.144
21.367,-3.357,-7.144
21.400,-3.388,-7.192
21.433,-3.388,-7.192
21.467,-3.388,-7.192
21.500,-3.388,-7.192
21.533,-3.388,-7.192
21.567,-3.388,-7.192
21.600,-3.388,-7.192
21.633,-3.388,-7.192
21.667,-3.420,-7.251
21.700,-3.420,-7.251
21.733,-3.448,-7.277
21.767,-3.480,-7.334
21.800,-3.508,-7.388
21.833,-3.508,-7.388
21.867,-3.508,-7.388
21.900,-3.508,-7.388
21.933,-3.508,-7.388
21.967,-3.541,-7.446
22.000,-3.541,-7.446
22.033,-3.541,-7.446
22.067,-3.541,-7.446
22.100,-3.570,-7.504
22.133,-3.600,-7.557
22.167,-3.627,-7.606
22.200,-3.627,-7.606
22.233,-3.650,-7.657
22.267,-3.650,-7.657
22.300,-3.650,-7.657
22.333,-3.650,-7.657
22.367,-3.650,-7.657
22.400,-3.679,-7.705
22.433,-3.704,-7.760
22.467,-3.704,-7.760
22.500,-3.726,-7.807
22.533,-3.726,-7.807
22.567,-3.726,-7.807
22.600,-3.726,-7.807
22.633,-3.756,-7.856
22.667,-3.778,-7.912
22.700,-3.778,-7.912
22.733,-3.778,-7.912
22.767,-3.778,-7.912
22.800,-3.807,-7.963
22.833,-3.807,-7.963
22.867,-3.807,-7.963
22.900,-3.807,-7.963
22.933,-3.831,-8.022
22.967,-3.831,-8.022
23.000,-3.857,-8.078
23.033,-3.857,-8.078
23.067,-3.857,-8.078
23.100,-3.879,-8.142
23.300,-3.906,-8.202
23.333,-3.906,-8.202
23.367,-3.937,-8.246
23.400,-3.966,-8.285
23.433,-3.966,-8.285
23.467,-3.966,-8.285
23.500,-3.966,-8.285
23.533,-3.966,-8.285
23.567,-3.966,-8.285
23.600,-3.966,-8.285
23.633,-3.996,-8.330
23.667,-3.996,-8.330
23.700,-4.022,-8.373
23.733,-4.022,-8.373
23.767,-4.051,-8.414
23.800,-4.051,-8.414
23.833,-4.080,-8.454
23.867,-4.080,-8.454
23.900,-4.080,-8.454
23.933,-4.080,-8.454
23.967,-4.105,-8.502
24.000,-4.105,-8.502
24.033,-4.105,-8.502
24.067,-4.105,-8.502
24.100,-4.105,-8.502
24.133,-4.105,-8.502
24.167,-4.105,-8.502
24.200,-4.105,-8.502
24.233,-4.105,-8.502
24.267,-4.105,-8.502
24.300,-4.105,-8.502
24.333,-4.105,-8.502
24.367,-4.144,-8.554
24.433,-4.180,-8.611
24.467,-4.180,-8.611
24.500,-4.180,-8.611
24.533,-4.180,-8.611
24.567,-4.180,-8.611
24.600,-4.215,-8.669
24.633,-4.215,-8.669
24.667,-4.215,-8.669
24.700,-4.215,-8.669
24.733,-4.245,-8.721
24.767,-4.245,-8.721
24.800,-4.245,-8.721
24.833,-4.273,-8.766
24.867,-4.273,-8.766
24.900,-4.273,-8.766
24.933,-4.273,-8.766
24.967,-4.273,-8.766
25.000,-4.273,-8.766
25.033,-4.295,-8.799
25.067,-4.295,-8.799
25.100,-4.312,-8.824
25.133,-4.312,-8.824
25.200,-4.325,-8.843
25.233,-4.325,-8.843
25.267,-4.325,-8.843
25.300,-4.337,-8.856
25.333,-4.337,-8.856
25.367,-4.344,-8.866
25.400,-4.344,-8.866
25.433,-4.344,-8.866
25.467,-4.344,-8.866
25.500,-4.344,-8.866
25.533,-4.344,-8.866
25.567,-4.344,-8.866
25.600,-4.344,-8.866
25.633,-4.344,-8.866
25.667,-4.344,-8.866
25.700,-4.344,-8.866
25.733,-4.344,-8.866
25.767,-4.344,-8.866
25.800,-4.349,-8.861
25.833,-4.349,-8.861
25.867,-4.346,-8.861
25.900,-4.346,-8.861
25.933,-4.346,-8.861
25.967,-4.346,-8.861
26.000,-4.347,-8.859
26.033,-4.347,-8.859
26.067,-4.347,-8.859
26.100,-4.347,-8.859
26.133,-4.347,-8.859
26.233,-4.347,-8.859
26.300,-4.347,-8.859
26.333,-4.347,-8.859
26.367,-4.347,-8.859
26.400,-4.347,-8.859
26.433,-4.347,-8.859
26.467,-4.340,-8.839
26.533,-4.340,-8.839
26.567,-4.340,-8.839
26.600,-4.340,-8.839
26.633,-4.340,-8.839
26.667,-4.340,-8.839
26.700,-4.332,-8.807
26.733,-4.332,-8.807
26.767,-4.319,-8.779
26.800,-4.319,-8.779
26.833,-4.319,-8.779
26.867,-4.319,-8.779
26.900,-4.319,-8.779
26.933,-4.319,-8.779
26.967,-4.319,-8.779
27.000,-4.319,-8.779
27.033,-4.319,-8.779
27.067,-4.319,-8.779
27.100,-4.319,-8.779
27.133,-4.319,-8.779
27.200,-4.319,-8.779
27.233,-4.319,-6.929
27.300,-4.319,-6.929
27.333,-4.319,-6.929
27.400,-4.319,-6.929
27.433,-4.297,-7.062
27.467,-4.297,-7.062
27.500,-4.297,-7.062
27.533,-4.280,-7.180
27.567,-4.280,-7.180
27.600,-4.280,-7.180
27.633,-4.261,-7.283
27.667,-4.243,-7.374
27.700,-4.227,-7.451
27.733,-4.227,-7.451
27.767,-4.208,-7.520
27.800,-4.191,-7.582
27.833,-4.174,-7.640
27.867,-4.174,-7.640
27.900,-4.174,-7.640
27.933,-4.174,-7.640
27.967,-4.174,-7.640
28.000,-4.174,-7.640
28.033,-4.174,-7.640
28.067,-4.174,-7.640
28.100,-4.174,-7.640
28.133,-4.174,-7.640
28.167,-4.174,-7.640
28.200,-4.107,-7.371
28.233,-4.107,-7.371
28.267,-4.107,-7.371
28.300,-4.107,-7.371
28.333,-4.107,-7.371
28.367,-4.107,-7.371
28.400,-4.091,-7.428
28.433,-4.074,-7.484
28.467,-4.074,-7.484
28.500,-4.059,-7.530
28.533,-4.046,-7.571
28.567,-4.032,-7.607
28.600,-4.032,-7.607
28.633,-4.032,-7.607
28.667,-4.032,-7.607
28.700,-4.032,-7.607
28.733,-4.032,-7.607
28.767,-4.032,-7.607
28.800,-4.032,-7.607
28.833,-4.013,-7.624
28.867,-3.998,-7.634
28.900,-3.998,-7.634
28.933,-3.998,-7.634
28.967,-3.998,-7.634
29.000,-3.978,-7.634
29.033,-3.978,-7.634
29.067,-3.978,-7.634
29.100,-3.978,-7.634
29.133,-3.978,-7.634
29.167,-3.958,-7.625
29.200,-3.958,-7.625
29.233,-3.936,-7.609
29.267,-3.914,-7.594
29.300,-3.894,-7.575
29.333,-3.894,-7.575
29.367,-3.894,-7.575
29.400,-3.894,-7.575
29.433,-3.894,-7.575
29.467,-3.882,-7.550
29.500,-3.874,-7.522
29.533,-3.874,-7.522
29.567,-3.874,-7.522
29.600,-3.874,-7.522
29.633,-3.874,-7.522
29.667,-3.874,-7.522
29.700,-3.856,-7.502
29.733,-3.856,-7.502
29.767,-3.856,-7.502
29.800,-3.856,-7.502
29.833,-3.856,-7.502
29.867,-3.856,-7.502
29.900,-3.856,-7.502
29.933,-3.840,-7.476
29.967,-3.840,-7.476
30.000,-3.840,-7.476
30.033,-3.840,-7.476
30.067,-3.840,-7.476
30.100,-3.840,-7.476
30.133,-3.840,-7.476
30.167,-3.840,-7.476
30.200,-3.840,-7.476
30.233,-3.840,-7.476
30.267,-3.821,-7.428
30.300,-3.821,-7.428
30.333,-3.821,-7.428
30.367,-3.821,-7.428
30.400,-3.802,-7.382
30.433,-3.786,-7.338
30.467,-3.786,-7.338
30.500,-3.786,-7.338
30.533,-3.786,-7.338
30.567,-3.786,-7.338
30.600,-3.765,-7.288
30.633,-3.765,-7.288
30.667,-3.745,-7.244
30.700,-3.731,-7.198
30.733,-3.731,-7.198
30.767,-3.731,-7.198
30.800,-4.515,-6.927
30.833,-4.420,-6.915
30.867,-4.420,-6.915
30.900,-4.420,-6.915
30.933,-4.335,-6.900
30.967,-4.255,-6.882
31.000,-4.183,-6.863
31.033,-4.183,-6.863
31.067,-4.183,-6.863
31.100,-4.183,-6.863
31.133,-4.183,-6.863
31.167,-4.183,-6.863
31.200,-4.183,-6.863
31.233,-4.183,-6.863
31.267,-4.116,-6.835
31.300,-4.116,-6.835
31.333,-4.116,-6.835
31.367,-4.116,-6.835
31.400,-4.116,-6.835
31.433,-4.047,-6.797
31.467,-3.986,-6.759
31.500,-3.986,-6.759
31.533,-3.932,-6.724
31.567,-3.883,-6.690
31.600,-3.883,-6.690
31.633,-3.838,-6.655
31.667,-3.838,-6.655
31.700,-3.838,-6.655
31.733,-3.838,-6.655
31.767,-3.838,-6.655
31.800,-3.838,-6.655
31.833,-3.838,-6.655
31.867,-3.796,-6.621
31.900,-3.796,-6.621
31.933,-3.755,-6.589
31.967,-3.755,-6.589
32.000,-3.755,-6.589
32.033,-3.755,-6.589
32.067,-3.755,-6.589
32.100,-3.755,-6.589
32.133,-3.709,-6.533
32.167,-3.709,-6.533
32.200,-3.665,-6.459
32.233,-3.665,-6.459
32.267,-3.665,-6.459
32.300,-3.665,-6.459
32.333,-3.665,-6.459
32.367,-3.622,-6.386
32.400,-3.622,-6.386
32.433,-3.622,-6.386
32.467,-3.583,-6.322
32.500,-3.583,-6.322
32.533,-3.553,-6.266
32.567,-3.528,-6.225
32.600,-3.528,-6.225
32.633,-3.509,-6.198
32.667,-3.495,-6.172
32.700,-3.495,-6.172
32.733,-3.495,-6.172
32.767,-3.495,-6.172
32.800,-3.495,-6.172
32.833,-3.488,-6.152
32.867,-3.476,-6.143
32.900,-3.465,-6.136
32.933,-3.465,-6.136
32.967,-3.465,-6.136
33.000,-3.465,-6.136
33.033,-3.465,-6.136
33.067,-3.465,-6.136
33.100,-3.465,-6.136
33.133,-3.465,-6.136
33.167,-3.465,-6.136
33.200,-3.465,-6.136
33.233,-3.465,-6.136
33.267,-3.468,-6.145
33.300,-3.468,-6.145
33.333,-3.465,-6.158
33.367,-3.465,-6.158
33.400,-3.465,-6.158
33.433,-3.465,-6.158
33.467,-3.465,-6.158
33.500,-3.465,-6.158
33.533,-3.465,-6.158
33.567,-3.465,-6.158
33.600,-3.465,-6.158
33.633,-3.465,-6.158
33.667,-3.471,-6.173
33.700,-3.474,-6.191
33.733,-3.474,-6.191
33.767,-3.482,-6.209
33.800,-3.482,-6.209
33.833,-3.482,-6.209
33.867,-3.482,-6.209
33.900,-3.491,-6.233
33.933,-3.491,-6.233
33.967,-3.491,-6.233
34.000,-3.505,-6.263
34.033,-3.505,-6.263
34.067,-3.505,-6.263
34.100,-3.523,-6.300
34.133,-3.523,-6.300
34.167,-3.544,-6.330
34.200,-3.544,-6.330
34.233,-3.544,-6.330
34.267,-3.552,-6.363
34.300,-3.564,-6.388
34.333,-3.564,-6.388
34.367,-3.578,-6.410
34.400,-3.578,-6.410
34.433,-3.578,-6.410
34.467,-3.578,-6.410
34.500,-3.578,-6.410
34.533,-3.578,-6.410
34.567,-3.578,-6.410
34.600,-3.593,-6.440
34.633,-3.604,-6.149
34.667,-3.604,-6.149
34.700,-3.604,-6.149
34.733,-3.604,-6.149
34.767,-3.623,-6.212
34.800,-3.623,-6.212
34.833,-3.623,-6.212
34.867,-3.623,-6.212
34.900,-3.623,-6.212
34.933,-3.623,-6.212
34.967,-3.646,-6.279
35.000,-3.665,-6.345
35.033,-3.665,-6.345
35.067,-3.665,-6.345
35.100,-3.665,-6.345
35.133,-3.692,-6.406
35.167,-3.712,-6.461
35.200,-3.712,-6.461
35.233,-3.734,-6.507
35.267,-3.734,-6.507
35.300,-3.734,-6.507
35.333,-3.734,-6.507
35.367,-3.734,-6.507
35.400,-3.755,-6.561
35.433,-3.776,-6.612
35.467,-3.793,-6.664
35.500,-3.816,-6.710
35.533,-3.816,-6.710
35.567,-3.816,-6.710
35.600,-3.845,-6.757
35.633,-3.845,-6.757
35.667,-3.845,-6.757
35.700,-3.845,-6.757
35.733,-3.862,-6.806
35.767,-3.862,-6.806
35.800,-3.883,-6.850
35.833,-3.883,-6.850
35.867,-3.883,-6.850
35.900,-3.904,-6.902
35.933,-3.926,-6.950
35.967,-3.926,-6.950
36.000,-3.958,-6.995
36.033,-3.977,-7.041
36.067,-3.977,-7.041
36.100,-3.977,-7.041
36.133,-3.996,-7.079
36.167,-3.996,-7.079
36.200,-4.023,-7.119
36.233,-4.023,-7.119
36.267,-4.045,-7.161
36.300,-4.067,-7.203
36.333,-4.067,-7.203
36.367,-4.067,-7.203
36.400,-4.092,-7.243
36.433,-4.092,-7.243
36.467,-4.092,-7.243
36.500,-4.092,-7.243
36.533,-4.118,-7.282
36.567,-4.118,-7.282
36.600,-4.118,-7.282
36.633,-4.118,-7.282
36.667,-4.118,-7.282
36.700,-4.145,-7.322
36.733,-4.145,-7.322
36.767,-4.145,-7.322
36.800,-4.145,-7.322
36.833,-4.145,-7.322
36.867,-4.145,-7.322
36.900,-4.145,-7.322
36.933,-4.145,-7.322
36.967,-4.145,-7.322
37.000,-4.182,-7.377
37.033,-4.182,-7.377
37.067,-4.182,-7.377
37.100,-4.182,-7.377
37.133,-4.182,-7.377
37.167,-4.182,-7.377
37.200,-4.222,-7.449
37.233,-4.222,-7.449
37.267,-4.259,-7.510
37.300,-4.289,-7.565
37.333,-4.289,-7.565
37.367,-4.289,-7.565
37.400,-4.289,-7.565
37.433,-4.289,-7.565
37.467,-4.289,-7.565
37.500,-4.289,-7.565
37.533,-4.289,-7.565
37.567,-4.326,-7.622
37.633,-4.326,-7.622
37.667,-4.364,-7.680
37.700,-4.364,-7.680
37.733,-4.364,-7.680
37.767,-4.364,-7.680
37.800,-4.364,-7.680
37.833,-4.398,-7.739
37.867,-4.435,-7.786
37.900,-4.435,-7.786
37.933,-4.435,-7.786
37.967,-4.435,-7.786
38.000,-4.435,-7.786
38.033,-4.435,-7.786
38.067,-4.435,-7.786
38.100,-4.435,-7.786
38.133,-4.476,-7.845
38.167,-4.476,-7.845
38.200,-4.476,-7.845
38.233,-4.476,-7.845
38.267,-4.476,-7.845
38.300,-4.525,-7.922
38.333,-4.525,-7.922
38.367,-4.525,-7.922
38.400,-4.569,-7.994
38.433,-4.569,-7.994
38.467,-4.569,-7.994
38.500,-4.569,-7.994
38.533,-4.610,-8.061
38.567,-4.610,-8.061
38.600,-4.648,-8.122
38.633,-4.648,-8.122
38.667,-4.648,-8.122
38.700,-4.679,-8.184
38.800,-4.679,-8.184
38.833,-4.679,-8.184
38.867,-4.715,-8.241
38.900,-4.715,-8.241
38.933,-4.715,-8.241
38.967,-4.715,-8.241
39.000,-4.715,-8.241
39.033,-4.740,-8.299
39.067,-4.740,-8.299
39.100,-4.765,-8.347
39.133,-4.765,-8.347
39.167,-4.765,-8.347
39.200,-4.765,-8.347
39.233,-4.765,-8.347
39.267,-4.765,-8.347
39.300,-4.792,-8.397
39.333,-4.816,-8.442
39.367,-4.816,-8.442
39.400,-4.816,-8.442
39.433,-4.816,-8.442
39.467,-4.816,-8.442
39.500,-4.816,-8.442
39.533,-4.833,-8.486
39.567,-4.833,-8.486
39.600,-4.833,-8.486
39.633,-4.833,-8.486
39.667,-4.850,-8.527
39.700,-4.866,-8.564
39.733,-4.880,-8.597
39.767,-4.880,-8.597
39.800,-4.880,-8.597
39.833,-4.880,-8.597
39.867,-4.880,-8.597
39.900,-4.890,-8.634
39.933,-4.899,-8.666
39.967,-4.907,-8.695
40.000,-4.916,-8.724
40.033,-4.926,-8.747
40.067,-4.933,-8.771
40.100,-4.933,-8.771
40.133,-4.937,-8.797
40.167,-4.938,-8.820
40.200,-4.938,-8.820
40.233,-4.938,-8.842
40.267,-4.938,-8.842
40.300,-4.941,-8.858
40.333,-4.943,-8.873
40.367,-4.943,-8.873
40.400,-4.944,-8.888
40.433,-4.944,-8.888
40.467,-4.944,-8.888
40.500,-4.944,-8.888
40.533,-4.942,-8.903
40.567,-4.942,-8.917
40.600,-4.942,-8.917
40.633,-4.942,-8.917
40.667,-4.942,-8.917
40.700,-4.943,-8.929
40.733,-4.943,-8.929
40.767,-4.940,-8.943
40.800,-4.933,-8.960
40.833,-4.933,-8.960
40.867,-4.933,-8.960
40.900,-4.933,-8.960
40.933,-4.933,-8.960
40.967,-4.933,-8.960
41.000,-4.933,-8.960
41.033,-4.933,-8.960
41.067,-4.926,-8.969
41.100,-5.060,-9.062
41.133,-5.060,-9.062
41.167,-5.060,-9.062
41.200,-5.060,-9.062
41.233,-5.060,-9.062
41.267,-5.060,-9.062
41.300,-5.035,-9.057
41.333,-5.010,-9.052
41.367,-4.989,-9.047
41.400,-4.969,-9.044
41.433,-4.969,-9.044
41.467,-4.950,-9.039
41.500,-4.936,-9.028
41.533,-4.921,-9.018
41.567,-4.921,-9.018
41.600,-4.921,-9.018
41.633,-4.907,-9.010
41.667,-4.894,-9.002
41.700,-4.894,-9.002
41.767,-4.894,-9.002
41.900,-4.894,-9.002
41.933,-4.880,-8.993
41.967,-4.880,-8.993
42.100,-4.880,-8.993
42.133,-4.880,-8.993
42.167,-4.870,-8.980
42.200,-4.870,-8.980
42.233,-4.858,-8.973
42.267,-4.858,-8.973
42.300,-4.851,-8.963
42.333,-4.843,-8.954
42.367,-4.843,-8.954
42.400,-4.838,-8.944
42.433,-4.838,-8.944
42.467,-4.830,-8.937
42.500,-4.830,-8.937
42.567,-4.823,-8.932
42.600,-4.818,-8.925
42.633,-4.818,-8.925
42.700,-4.818,-8.925
42.733,-4.818,-8.925
42.767,-4.818,-8.925
42.800,-4.818,-8.925
42.833,-4.818,-8.911
42.867,-4.818,-8.911
42.900,-4.818,-8.911
42.933,-4.818,-8.911
42.967,-4.818,-8.911
43.000,-4.818,-8.911
43.033,-4.818,-8.911
43.067,-4.818,-8.911
43.100,-4.818,-8.898
43.133,-4.818,-8.898
43.167,-4.818,-8.898
43.200,-4.822,-8.883
43.233,-4.826,-8.866
43.267,-4.826,-8.866
43.300,-4.829,-8.855
43.333,-4.835,-8.838
43.367,-4.835,-8.838
43.400,-4.835,-8.838
43.433,-4.841,-8.818
43.467,-4.841,-8.818
43.500,-4.841,-8.818
43.533,-4.841,-8.818
43.567,-4.841,-8.818
43.600,-4.841,-8.818
43.633,-4.841,-8.818
43.667,-4.841,-8.818
43.700,-4.841,-8.818
43.733,-4.840,-8.795
43.767,-4.840,-8.795
43.800,-4.840,-8.795
43.833,-4.839,-8.770
43.867,-4.839,-8.770
43.900,-4.839,-8.770
43.933,-4.839,-8.770
43.967,-4.845,-8.744
44.000,-4.845,-8.744
44.033,-4.845,-8.744
44.067,-4.846,-8.722
44.100,-4.844,-8.703
44.133,-4.827,-8.389
44.167,-4.827,-8.389
44.200,-4.827,-8.389
44.233,-4.827,-8.389
44.267,-4.827,-8.389
44.300,-4.827,-8.389
44.333,-4.827,-8.389
44.367,-4.827,-8.389
44.400,-4.827,-8.389
44.433,-4.827,-8.389
44.467,-4.827,-8.389
44.500,-4.835,-8.392
44.533,-4.845,-8.395
44.567,-4.845,-8.395
44.633,-4.845,-8.395
44.667,-4.845,-8.395
44.700,-4.845,-8.395
44.733,-4.845,-8.395
44.767,-4.845,-8.395
44.800,-4.849,-8.394
44.833,-4.849,-8.394
44.867,-4.849,-8.394
44.900,-4.849,-8.394
44.933,-4.849,-8.394
44.967,-4.849,-8.394
45.000,-4.855,-8.392
45.033,-4.858,-8.391
45.067,-4.858,-8.391
45.100,-4.858,-8.391
45.133,-4.858,-8.391
45.167,-4.858,-8.391
45.200,-4.858,-8.391
45.233,-4.858,-8.391
45.267,-4.858,-8.391
45.333,-4.867,-8.384
45.367,-4.875,-8.375
45.400,-4.875,-8.375
45.433,-4.875,-8.375
45.467,-4.875,-8.375
45.500,-4.875,-8.375
45.533,-4.886,-8.366
45.567,-4.886,-8.366
45.600,-4.886,-8.366
45.633,-4.886,-8.366
45.667,-4.886,-8.366
45.700,-4.886,-8.366
45.733,-4.886,-8.366
45.767,-4.898,-8.348
45.800,-4.898,-8.348
45.833,-4.898,-8.348
45.867,-4.898,-8.348
45.900,-4.898,-8.348
45.933,-4.898,-8.348
45.967,-4.907,-8.333
46.000,-4.911,-8.315
46.033,-4.911,-8.315
46.067,-4.911,-8.315
46.100,-4.911,-8.315
46.133,-4.911,-8.315
46.167,-4.911,-8.315
46.200,-4.911,-8.315
46.233,-4.921,-8.286
46.267,-4.931,-8.260
46.300,-4.935,-8.241
46.333,-4.935,-8.241
46.367,-4.935,-8.241
46.400,-4.935,-8.241
46.433,-4.935,-8.241
46.467,-4.935,-8.241
46.500,-4.935,-8.241
46.533,-4.935,-8.241
46.567,-4.935,-8.241
46.600,-4.935,-8.241
46.633,-4.991,-8.212
46.667,-4.991,-8.212
46.700,-4.991,-8.212
46.733,-5.019,-8.181
46.767,-5.019,-8.181
46.800,-5.041,-8.144
46.833,-5.041,-8.144
46.867,-5.041,-8.144
46.900,-5.029,-8.085
46.933,-5.029,-8.085
46.967,-5.009,-8.000
47.000,-4.984,-7.920
47.033,-4.961,-7.845
47.067,-4.961,-7.845
47.100,-4.961,-7.845
47.133,-4.961,-7.845
47.167,-4.961,-7.845
47.200,-4.961,-7.845
47.233,-4.961,-7.845
47.267,-4.961,-7.845
47.300,-4.961,-7.845
47.333,-4.961,-7.845
47.367,-4.961,-7.845
47.400,-4.961,-7.845
47.433,-4.961,-7.845
47.467,-4.873,-7.656
47.500,-4.789,-7.485
47.533,-4.789,-7.485
47.567,-4.789,-7.485
47.600,-4.789,-7.485
47.633,-4.789,-7.485
47.667,-4.789,-7.485
47.700,-4.712,-7.327
47.733,-4.712,-7.327
47.767,-4.712,-7.327
47.800,-4.641,-7.189
47.833,-4.641,-7.189
47.867,-4.641,-7.189
47.900,-4.641,-7.189
47.933,-4.641,-7.189
47.967,-4.577,-7.063
48.000,-4.577,-7.063
48.033,-4.522,-6.947
48.067,-4.522,-6.947
48.100,-4.473,-6.844
48.133,-4.473,-6.844
48.167,-4.473,-6.844
48.200,-4.428,-6.748
48.233,-4.428,-6.748
48.267,-4.379,-6.671
48.300,-4.379,-6.671
48.333,-4.379,-6.671
48.367,-4.379,-6.671
48.400,-4.379,-6.671
48.433,-4.379,-6.671
48.467,-4.379,-6.671
48.500,-4.345,-6.600
48.533,-4.345,-6.600
48.567,-4.345,-6.600
48.600,-4.345,-6.600
48.633,-4.345,-6.600
48.667,-4.312,-6.546
48.700,-4.284,-6.499
48.733,-4.255,-6.460
48.767,-4.255,-6.460
48.800,-4.255,-6.460
48.833,-4.230,-6.436
48.867,-4.230,-6.436
48.900,-4.208,-6.414
48.933,-4.187,-6.395
48.967,-4.175,-6.373
49.000,-4.175,-6.373
49.033,-5.093,-6.110
49.067,-5.093,-6.110
49.100,-4.987,-6.124
49.133,-4.150,-6.124
49.167,-4.150,-6.124
49.200,-4.142,-6.145
49.233,-4.142,-6.145
49.267,-4.142,-6.145
49.300,-4.142,-6.145
49.333,-4.137,-6.160
49.367,-4.137,-6.160
49.400,-4.137,-6.160
49.433,-4.137,-6.160
49.467,-4.129,-6.179
49.500,-4.129,-6.179
49.533,-4.129,-6.179
49.567,-4.129,-6.179
49.600,-4.129,-6.179
49.633,-4.123,-6.210
49.667,-4.123,-6.210
49.700,-4.123,-6.210
49.733,-4.123,-6.210
49.767,-4.123,-6.210
49.800,-4.123,-6.210
49.833,-4.116,-6.243
49.867,-4.116,-6.243
49.900,-4.117,-6.267
49.933,-4.117,-6.267
49.967,-4.117,-6.267
50.000,-4.113,-6.293
50.033,-4.113,-6.293
50.067,-4.113,-6.293
50.100,-4.108,-6.320
50.133,-4.108,-6.320
50.167,-4.108,-6.320
50.200,-4.108,-6.320
50.233,-4.102,-6.353
50.267,-4.102,-6.353
50.300,-4.103,-6.385
50.333,-4.103,-6.385
50.367,-4.103,-6.385
50.400,-4.103,-6.417
50.433,-4.103,-6.417
50.467,-4.103,-6.417
50.500,-4.103,-6.417
50.533,-4.103,-6.417
50.567,-4.103,-6.417
50.600,-4.103,-6.417
50.633,-4.103,-6.417
50.667,-4.103,-6.417
50.700,-4.103,-6.417
50.733,-4.103,-6.417
50.767,-4.103,-6.417
50.800,-4.103,-6.417
50.833,-4.103,-6.417
50.867,-4.103,-6.417
50.900,-4.103,-6.417
50.933,-4.102,-6.455
50.967,-4.102,-6.455
51.000,-4.102,-6.455
51.033,-4.109,-6.490
51.067,-4.109,-6.490
51.100,-4.109,-6.490
51.133,-4.103,-6.528
51.167,-4.103,-6.528
51.200,-4.103,-6.528
51.233,-4.103,-6.528
51.267,-4.099,-6.566
51.300,-4.099,-6.566
51.333,-4.099,-6.566
51.367,-4.099,-6.566
51.400,-4.100,-6.601
51.433,-4.100,-6.601
51.467,-4.100,-6.601
51.500,-4.102,-6.631
51.533,-4.102,-6.631
51.567,-4.095,-6.666
51.600,-4.095,-6.666
51.633,-4.095,-6.666
51.667,-4.097,-6.691
51.700,-4.096,-6.716
51.733,-4.096,-6.716
51.767,-4.100,-6.745
51.800,-4.100,-6.745
51.833,-4.100,-6.745
51.867,-4.096,-6.766
51.900,-4.096,-6.766
51.933,-4.096,-6.766
51.967,-4.096,-6.766
52.033,-4.096,-6.766
52.100,-4.094,-6.792
52.133,-4.093,-6.811
52.167,-4.093,-6.811
52.200,-4.087,-6.829
52.233,-4.087,-6.829
52.267,-4.087,-6.829
52.300,-4.087,-6.829
52.333,-4.087,-6.829
52.367,-4.087,-6.829
52.400,-4.087,-6.829
52.433,-4.087,-6.829
52.467,-4.087,-6.829
52.500,-4.078,-6.849
52.533,-4.078,-6.849
52.567,-4.078,-6.849
52.600,-4.078,-6.849
52.733,-4.072,-6.867
52.767,-4.072,-6.867
52.800,-4.063,-6.889
52.867,-4.052,-6.907
52.900,-4.052,-6.907
52.933,-4.052,-6.907
52.967,-4.052,-6.907
53.067,-4.039,-6.923
53.100,-4.029,-6.934
53.133,-4.023,-6.942
53.167,-4.011,-6.955
53.200,-3.996,-6.968
53.233,-3.983,-6.984
53.267,-3.983,-6.984
53.300,-3.979,-6.992
53.333,-3.971,-7.003
53.367,-3.971,-7.003
53.400,-3.969,-7.013
53.433,-3.969,-7.013
53.467,-3.966,-7.020
53.500,-3.966,-7.020
53.533,-3.966,-7.020
53.567,-3.951,-7.031
53.633,-3.939,-7.040
53.667,-3.939,-7.040
53.700,-3.939,-7.040
53.733,-3.939,-7.040
53.833,-3.951,-7.029
53.867,-3.981,-6.998
53.900,-3.981,-6.998
53.933,-3.981,-6.998
53.967,-3.960,-7.003
54.000,-3.960,-7.003
54.033,-3.945,-7.003
54.067,-3.945,-7.003
54.100,-3.945,-7.003
54.133,-3.945,-7.003
54.167,-3.945,-7.003
54.267,-3.934,-6.993
54.300,-3.928,-6.981
54.333,-3.923,-6.967
54.367,-3.923,-6.967
54.400,-3.903,-6.966
54.433,-3.903,-5.616
54.467,-3.875,-5.753
54.500,-3.875,-5.753
54.533,-3.875,-5.753
54.567,-3.875,-5.753
54.600,-3.875,-5.753
54.633,-3.875,-5.753
54.667,-3.875,-5.753
54.733,-3.851,-5.874
54.767,-3.851,-5.874
54.800,-3.851,-5.874
54.833,-3.851,-5.874
54.900,-3.851,-5.874
54.967,-3.851,-5.874
55.000,-3.851,-5.874
55.033,-3.851,-5.874
55.067,-3.823,-5.982
55.100,-3.823,-5.982
55.133,-3.823,-5.982
55.167,-3.823,-5.982
55.200,-3.823,-5.982
55.233,-3.823,-5.982
55.267,-3.809,-6.073
55.300,-3.809,-6.073
55.333,-3.783,-6.165
55.367,-3.760,-6.246
55.400,-3.736,-6.318
55.433,-3.736,-6.318
55.467,-3.736,-6.318
55.500,-3.716,-6.385
55.533,-3.716,-6.385
55.567,-3.694,-6.445
55.600,-3.694,-6.445
55.633,-3.694,-6.445
55.667,-3.694,-6.445
55.700,-3.694,-6.445
55.733,-3.694,-6.445
55.767,-3.694,-6.445
55.800,-3.676,-6.489
55.833,-3.676,-6.489
55.867,-3.651,-6.532
55.900,-3.633,-6.565
55.933,-3.633,-6.565
55.967,-3.633,-6.565
56.000,-3.633,-6.565
56.033,-3.633,-6.565
56.067,-3.616,-6.591
56.100,-3.616,-6.591
56.167,-3.616,-6.591
56.200,-3.616,-6.591
56.233,-3.616,-6.591
56.267,-3.616,-6.591
56.300,-3.616,-6.591
56.333,-3.596,-6.619
56.367,-3.577,-6.645
56.400,-3.557,-6.672
56.433,-3.557,-6.672
56.467,-3.544,-6.689
56.500,-3.544,-6.689
56.533,-3.544,-6.689
56.567,-3.531,-6.702
56.600,-3.531,-6.702
56.700,-3.531,-6.702
56.733,-3.531,-6.702
56.767,-3.515,-6.714
56.800,-3.515,-6.714
56.833,-3.515,-6.714
56.867,-3.495,-6.732
56.900,-3.495,-6.732
56.933,-3.485,-6.744
56.967,-3.484,-6.747
57.000,-3.489,-6.743
57.033,-3.489,-6.743
57.067,-3.489,-6.743
57.100,-3.489,-6.743
57.133,-3.467,-6.760
57.167,-3.467,-6.760
57.200,-3.467,-6.760
57.233,-3.467,-6.760
57.267,-3.467,-6.760
57.300,-3.445,-6.764
57.333,-3.422,-6.769
57.367,-3.422,-6.769
57.400,-3.422,-6.769
57.433,-3.409,-6.767
57.467,-3.409,-6.767
57.500,-3.409,-6.767
57.533,-3.409,-6.767
57.567,-3.409,-6.767
57.600,-3.409,-6.767
57.633,-3.409,-6.767
57.667,-3.409,-6.767
57.700,-3.390,-6.765
57.733,-3.390,-6.765
57.767,-3.390,-6.765
57.800,-3.390,-6.765
57.833,-3.390,-6.765
57.867,-3.379,-6.765
57.900,-3.379,-6.765
57.933,-3.379,-6.765
57.967,-3.379,-6.765
58.000,-3.379,-6.765
58.033,-3.379,-6.765
58.067,-3.379,-6.765
58.100,-3.379,-6.765
58.133,-3.360,-6.757
58.167,-3.347,-6.744
58.200,-3.347,-6.744
58.233,-3.324,-6.737
58.267,-3.302,-6.732
58.300,-3.302,-6.732
58.367,-3.283,-6.733
58.400,-3.283,-6.733
58.433,-3.283,-6.733
58.467,-3.283,-6.733
58.500,-3.283,-6.733
58.533,-3.283,-6.733
58.567,-3.283,-6.733
58.600,-3.271,-6.722
58.633,-3.271,-6.722
58.667,-3.255,-6.710
58.700,-3.241,-6.702
58.733,-3.241,-6.702
58.767,-3.241,-6.702
58.800,-3.241,-6.702
58.833,-3.241,-6.702
58.867,-3.222,-6.694
58.900,-3.222,-6.694
58.933,-3.222,-6.694
58.967,-3.222,-6.694
59.000,-3.203,-6.686
59.033,-3.203,-6.686
59.067,-3.186,-6.673
59.100,-3.186,-6.673
59.133,-3.169,-6.661
59.167,-3.152,-6.650
59.200,-3.142,-6.638
59.233,-3.142,-6.638
59.267,-3.122,-6.630
59.300,-3.122,-6.630
59.333,-3.122,-6.630
59.367,-3.108,-6.615
59.400,-3.108,-6.615
59.433,-3.108,-6.615
59.467,-3.108,-5.006
59.500,-3.108,-5.006
59.533,-3.108,-5.006
59.567,-3.108,-5.006
59.600,-3.108,-5.006
59.633,-3.108,-5.006
59.667,-3.108,-5.006
59.700,-3.108,-5.006
59.733,-3.108,-5.006
59.767,-3.108,-5.006
59.800,-3.095,-5.147
59.833,-3.159,-5.183
59.867,-3.159,-5.183
59.900,-3.109,-5.414
59.933,-3.109,-5.414
59.967,-3.136,-5.559
60.000,-3.136,-5.559
60.033,-3.136,-5.559
60.067,-3.136,-5.559
60.100,-3.136,-5.559
60.133,-3.136,-5.559
60.167,-3.136,-5.559
60.200,-3.165,-5.660
60.233,-3.165,-5.660
60.267,-3.198,-5.760
60.300,-3.198,-5.760
60.333,-3.198,-5.760
60.367,-3.212,-5.871
60.400,-3.228,-5.965
60.433,-3.228,-5.965
60.467,-3.228,-5.965
60.533,-3.228,-5.965
60.567,-3.239,-6.054
60.600,-3.239,-6.054
60.633,-3.248,-6.136
60.667,-3.258,-6.207
60.700,-3.258,-6.207
60.733,-3.258,-6.207
60.767,-3.258,-6.270
60.800,-3.258,-6.270
60.833,-3.258,-6.270
60.867,-3.258,-6.270
60.900,-3.258,-6.324
60.933,-3.258,-6.324
60.967,-3.258,-6.324
61.000,-3.253,-6.381
61.033,-3.253,-6.381
61.067,-3.253,-6.381
61.100,-3.253,-6.381
61.133,-3.255,-6.421
61.167,-3.255,-6.421
61.200,-3.256,-6.457
61.233,-3.252,-6.492
61.267,-3.252,-6.492
61.300,-3.252,-6.492
61.333,-3.252,-6.492
61.367,-3.252,-6.492
61.400,-3.252,-6.492
61.433,-3.252,-6.492
61.467,-3.252,-6.492
61.500,-3.252,-6.492
61.533,-3.244,-6.523
61.567,-3.244,-6.523
61.600,-3.244,-6.523
61.633,-3.244,-6.523
61.667,-3.230,-6.545
61.700,-3.230,-6.545
61.733,-3.220,-6.567
61.767,-3.220,-6.567
61.800,-3.220,-6.567
61.833,-3.220,-6.567
61.867,-3.220,-6.567
61.900,-3.220,-6.567
61.933,-3.220,-6.567
61.967,-3.203,-6.571
62.000,-3.183,-6.575
62.033,-3.183,-6.575
62.067,-3.165,-6.576
62.100,-3.165,-6.576
62.133,-3.165,-6.576
62.167,-3.165,-6.576
62.200,-3.165,-6.576
62.233,-3.138,-6.558
62.267,-3.113,-6.541
62.300,-3.113,-6.541
62.333,-3.113,-6.541
62.367,-3.087,-6.513
62.400,-3.067,-6.490
62.433,-3.044,-6.476
62.467,-3.044,-6.476
62.500,-3.044,-6.476
62.533,-3.021,-6.462
62.567,-3.021,-6.462
62.600,-3.021,-6.462
62.633,-3.021,-6.462
62.667,-3.021,-6.462
62.700,-3.021,-6.462
62.767,-3.021,-6.462
62.800,-2.987,-6.437
62.833,-2.956,-6.409
62.867,-2.932,-6.384
62.900,-2.932,-6.384
62.933,-2.905,-6.359
62.967,-2.905,-6.359
63.000,-2.905,-6.359
63.033,-2.905,-6.359
63.067,-2.878,-6.325
63.100,-2.878,-6.325
63.133,-2.878,-6.325
63.167,-2.878,-6.325
63.200,-2.878,-6.325
63.233,-2.878,-6.325
63.267,-2.878,-6.325
63.300,-2.878,-6.325
63.367,-2.878,-6.325
63.400,-2.878,-6.325
63.433,-2.878,-6.325
63.467,-2.878,-6.325
63.500,-2.878,-6.325
63.533,-2.843,-6.240
63.567,-2.843,-6.240
63.600,-2.799,-6.176
63.633,-2.799,-6.176
63.667,-2.762,-6.104
63.700,-2.730,-6.030
63.733,-2.730,-6.030
63.767,-2.730,-6.030
63.800,-2.692,-5.962
63.833,-2.692,-5.962
63.867,-2.653,-5.889
63.900,-2.653,-5.889
63.933,-2.653,-5.889
63.967,-2.653,-5.889
64.000,-2.653,-5.889
64.033,-2.653,-5.889
64.067,-2.614,-5.814
64.100,-2.614,-5.814
64.133,-2.614,-5.814
64.167,-2.614,-5.814
64.200,-2.583,-5.738
64.233,-2.560,-5.668
64.267,-2.542,-5.611
64.300,-2.542,-5.611
64.333,-2.522,-5.556
64.367,-2.522,-5.556
64.400,-2.522,-5.556
64.433,-2.522,-5.556
64.467,-2.522,-5.556
64.500,-2.522,-5.556
64.533,-2.503,-5.504
64.567,-2.503,-5.504
64.600,-2.492,-5.447
64.633,-2.482,-5.392
64.667,-2.470,-5.347
64.700,-2.470,-5.347
64.733,-2.470,-5.347
64.767,-2.470,-5.347
64.800,-2.470,-5.347
64.833,-2.470,-5.347
64.867,-2.470,-5.347
64.900,-2.470,-5.347
64.933,-2.449,-5.302
64.967,-2.449,-5.302
65.000,-2.433,-5.253
65.033,-2.433,-5.253
65.067,-2.433,-5.253
65.100,-2.417,-5.207
65.133,-2.417,-5.207
65.167,-2.417,-5.207
65.200,-2.417,-5.207
65.233,-2.417,-5.207
65.267,-2.417,-5.207
65.300,-2.399,-5.153
65.333,-2.399,-5.153
65.367,-2.377,-5.109
65.400,-2.362,-5.070
65.433,-2.347,-5.043
65.467,-2.328,-5.015
65.500,-2.328,-5.015
65.533,-2.328,-5.015
65.567,-2.328,-5.015
65.600,-2.311,-4.989
65.633,-2.297,-4.966
65.667,-2.297,-4.966
65.700,-2.297,-4.966
65.733,-2.279,-4.942
65.767,-2.279,-4.942
65.800,-2.279,-4.942
65.833,-2.265,-4.910
65.867,-2.247,-4.881
65.900,-2.247,-4.881
65.933,-2.247,-4.881
65.967,-2.247,-4.881
66.000,-2.247,-4.881
66.033,-2.247,-4.881
66.067,-2.247,-4.881
66.100,-2.224,-4.834
66.133,-2.224,-4.834
66.167,-2.224,-4.834
66.200,-2.224,-4.834
66.233,-2.207,-4.787
66.267,-2.207,-4.787
66.300,-2.207,-4.787
66.333,-2.207,-4.787
66.367,-2.187,-4.719
66.400,-2.187,-4.719
66.433,-2.187,-4.719
66.467,-2.187,-4.719
66.500,-2.170,-4.657
66.533,-2.170,-4.657
66.567,-2.170,-4.657
66.600,-2.170,-4.657
66.633,-2.170,-4.657
66.667,-2.170,-4.657
66.700,-2.170,-4.657
66.733,-2.170,-4.657
66.767,-2.170,-4.657
66.800,-2.163,-4.599
66.833,-2.163,-4.599
66.867,-2.163,-4.599
66.900,-2.163,-4.599
66.933,-2.163,-4.599
66.967,-2.148,-4.558
67.000,-2.148,-4.558
67.033,-2.148,-4.558
67.067,-2.138,-4.520
67.100,-2.129,-4.485
67.133,-2.129,-4.485
67.167,-2.129,-4.485
67.200,-2.129,-4.485
67.233,-2.118,-4.458
67.267,-2.118,-4.458
67.300,-2.118,-4.458
67.333,-2.118,-4.458
67.367,-2.107,-4.431
67.400,-2.107,-4.431
67.433,-2.098,-4.410
67.467,-2.098,-4.410
67.500,-2.098,-4.410
67.533,-2.089,-4.395
67.567,-2.089,-4.395
67.600,-2.084,-4.382
67.633,-2.084,-4.382
67.667,-2.084,-4.382
67.700,-2.084,-4.382
67.733,-2.084,-4.382
67.767,-2.084,-4.382
67.800,-2.084,-4.382
67.833,-2.084,-4.382
67.867,-2.084,-4.382
67.900,-2.084,-4.382
67.933,-2.082,-4.376
67.967,-2.079,-4.369
68.000,-2.078,-4.366
68.033,-2.078,-4.367
68.067,-2.078,-4.367
68.100,-2.078,-4.367
68.133,-2.075,-4.370
68.167,-2.075,-4.370
68.200,-2.073,-4.373
68.233,-2.073,-4.373
68.267,-2.073,-4.373
68.300,-2.073,-4.377
68.333,-2.078,-4.378
68.367,-2.079,-4.383
68.400,-2.085,-4.382
68.433,-2.085,-4.382
68.467,-2.085,-4.382
68.500,-2.085,-4.382
68.533,-2.085,-4.382
68.567,-2.085,-4.382
68.600,-2.092,-4.391
68.633,-2.092,-4.391
68.667,-2.094,-4.399
68.700,-2.100,-4.405
68.733,-2.109,-4.408
68.767,-2.109,-4.408
68.800,-2.109,-4.408
68.833,-2.108,-4.406
68.867,-2.121,-4.400
68.900,-2.132,-4.400
68.933,-2.133,-4.401
68.967,-2.133,-4.401
69.000,-2.133,-4.401
69.033,-2.133,-4.401
69.067,-2.133,-4.401
69.100,-2.130,-4.406
69.133,-2.130,-4.406
69.167,-2.134,-4.402
69.200,-2.134,-4.402
69.233,-2.134,-4.402
69.267,-2.134,-4.402
69.300,-2.134,-4.402
69.333,-2.134,-4.402
69.367,-2.134,-4.402
69.400,-2.133,-4.398
69.433,-2.133,-4.398
69.467,-2.133,-4.398
69.500,-2.133,-4.398
69.533,-2.133,-4.398
69.567,-2.133,-4.398
69.600,-2.138,-4.402
69.633,-2.138,-4.402
69.667,-2.138,-4.402
69.700,-2.148,-4.402
69.733,-2.148,-4.402
69.767,-2.148,-4.402
69.800,-2.159,-4.408
69.833,-2.159,-4.408
69.867,-2.166,-4.419
69.900,-2.166,-4.419
69.933,-2.166,-4.419
69.967,-2.166,-4.419
70.000,-2.166,-4.419
70.033,-2.166,-4.419
70.067,-2.166,-4.419
70.100,-2.174,-4.435
70.133,-2.174,-4.435
70.167,-2.174,-4.435
70.200,-2.174,-4.435
70.233,-2.174,-4.435
70.267,-2.174,-4.435
70.300,-2.174,-4.435
70.333,-2.174,-4.435
70.367,-2.174,-4.435
70.400,-2.174,-4.435
70.433,-2.189,-4.456
70.467,-2.189,-4.456
70.500,-2.209,-4.473
70.533,-2.209,-4.473
70.567,-2.209,-4.473
70.600,-2.209,-4.473
70.633,-2.209,-4.473
70.667,-2.209,-4.473
70.700,-2.209,-4.473
70.733,-2.231,-4.502
70.767,-2.231,-4.502
70.800,-2.250,-4.527
70.833,-2.250,-4.527
70.867,-2.269,-4.551
70.900,-2.269,-4.551
70.933,-2.269,-4.551
70.967,-2.290,-4.588
71.000,-2.303,-4.624
71.033,-2.318,-4.647
71.067,-2.331,-4.673
71.100,-2.331,-4.673
71.133,-2.331,-4.673
71.167,-2.331,-4.673
71.200,-2.331,-4.673
71.233,-2.344,-4.715
71.267,-2.358,-4.755
71.300,-2.375,-4.789
71.333,-2.375,-4.789
71.367,-2.390,-4.829
71.400,-2.398,-4.858
71.433,-2.398,-4.858
71.467,-2.398,-4.858
71.500,-2.398,-4.858
71.533,-2.398,-4.858
71.567,-2.417,-4.893
71.600,-2.417,-4.893
71.633,-2.432,-4.925
71.667,-2.452,-4.954
71.700,-2.468,-4.983
71.733,-2.468,-4.983
71.767,-2.468,-4.983
71.800,-2.468,-4.983
71.833,-2.468,-4.983
71.867,-2.483,-5.019
71.900,-2.483,-3.387
71.933,-2.483,-3.387
71.967,-2.483,-3.387
72.000,-2.483,-3.387
72.033,-2.505,-3.588
72.067,-2.505,-3.588
72.100,-2.505,-3.588
72.133,-2.523,-3.770
72.167,-2.549,-3.930
72.200,-2.549,-3.930
72.233,-2.570,-4.089
72.267,-2.570,-4.089
72.300,-2.596,-4.237
72.333,-2.619,-4.375
72.367,-2.645,-4.490
72.400,-2.645,-4.490
72.433,-2.645,-4.490
72.467,-2.645,-4.490
72.500,-2.645,-4.490
72.533,-2.645,-4.490
72.567,-2.671,-4.624
72.600,-2.671,-4.624
72.633,-2.671,-4.624
72.667,-2.697,-4.735
72.700,-2.716,-4.834
72.733,-2.716,-4.834
72.767,-2.716,-4.834
72.800,-2.716,-4.834
72.833,-2.744,-4.921
72.867,-2.744,-4.921
72.900,-2.744,-4.921
72.933,-2.759,-5.010
72.967,-2.775,-5.090
73.000,-2.775,-5.090
73.033,-2.775,-5.090
73.067,-2.799,-5.165
73.100,-2.799,-5.165
73.133,-2.821,-5.229
73.167,-2.821,-5.229
73.200,-2.821,-5.229
73.233,-2.821,-5.229
73.267,-2.821,-5.229
73.300,-2.821,-4.377
73.333,-2.849,-4.518
73.367,-2.849,-4.518
73.400,-2.849,-4.518
73.433,-2.858,-4.659
73.467,-2.858,-4.659
73.500,-2.858,-4.659
73.533,-2.858,-4.659
73.567,-2.858,-4.659
73.600,-2.884,-4.779
73.633,-2.905,-4.894
73.667,-2.905,-4.894
73.700,-2.923,-4.998
73.733,-2.923,-4.998
73.767,-2.923,-4.998
73.800,-2.942,-5.098
73.833,-2.942,-5.098
73.867,-2.942,-5.098
73.900,-2.942,-5.098
73.933,-2.942,-5.098
73.967,-2.942,-5.098
74.000,-2.942,-5.098
74.033,-2.942,-5.098
74.067,-2.965,-5.200
74.100,-2.965,-5.200
74.133,-2.986,-5.287
74.167,-2.986,-5.287
74.200,-2.986,-5.287
74.233,-3.005,-5.368
74.267,-3.005,-5.368
74.300,-3.034,-5.434
74.333,-3.034,-5.434
74.367,-3.034,-5.434
74.400,-3.053,-5.502
74.433,-3.053,-5.502
74.467,-3.053,-5.502
74.500,-3.053,-5.502
74.533,-3.077,-5.564
74.567,-3.077,-5.564
74.600,-3.077,-5.564
74.633,-3.077,-5.564
74.667,-3.093,-5.614
74.700,-3.109,-5.659
74.733,-3.109,-5.659
74.767,-3.121,-5.704
74.800,-3.128,-5.749
74.833,-3.128,-5.749
74.867,-3.137,-5.788
74.900,-3.137,-5.788
74.933,-3.137,-5.788
74.967,-3.137,-5.788
75.000,-3.137,-5.788
75.033,-3.137,-5.788
75.067,-3.137,-5.788
75.100,-3.137,-5.788
75.133,-3.150,-5.832
75.167,-3.150,-5.832
75.200,-3.150,-5.832
75.233,-3.150,-5.832
75.267,-3.150,-5.832
75.300,-3.150,-5.832
75.367,-3.169,-5.918
75.400,-3.187,-5.994
75.467,-3.205,-6.065
75.500,-3.205,-6.065
75.533,-3.205,-6.065
75.567,-3.205,-6.065
75.633,-3.205,-6.065
75.667,-3.205,-6.065
75.700,-3.205,-6.065
75.733,-3.205,-6.065
75.767,-3.225,-6.141
75.800,-3.225,-6.141
75.833,-3.225,-6.141
75.867,-3.225,-6.141
75.900,-3.246,-6.207
75.933,-3.268,-6.272
75.967,-3.286,-6.337
76.000,-3.301,-6.384
76.033,-3.301,-6.384
76.067,-3.301,-6.384
76.100,-3.313,-6.418
76.133,-3.313,-6.418
76.167,-3.329,-6.455
76.200,-3.329,-6.455
76.233,-3.329,-6.455
76.267,-3.329,-6.455
76.300,-3.329,-6.455
76.333,-3.329,-6.455
76.367,-3.329,-6.455
76.400,-3.342,-6.483
76.433,-3.342,-6.483
76.467,-3.355,-6.507
76.500,-3.355,-6.507
76.533,-3.355,-6.507
76.567,-3.355,-6.507
76.600,-3.355,-6.507
76.633,-3.357,-6.521
76.667,-3.357,-6.521
76.700,-3.357,-6.521
76.733,-3.357,-6.521
76.767,-3.357,-6.521
76.800,-3.357,-6.521
76.833,-3.357,-6.521
76.867,-3.352,-6.529
76.900,-3.352,-6.529
76.933,-3.352,-6.529
77.000,-3.347,-6.530
77.033,-3.346,-6.531
77.067,-3.346,-6.531
77.100,-3.344,-6.528
77.133,-3.337,-6.517
77.167,-3.337,-6.517
77.200,-3.337,-6.517
77.233,-3.337,-6.517
77.267,-3.332,-6.503
77.300,-3.328,-6.490
77.333,-3.328,-6.490
77.367,-3.328,-6.490
77.400,-3.328,-6.490
77.433,-3.316,-6.475
77.467,-3.316,-6.475
77.500,-3.316,-6.475
77.533,-3.316,-6.475
77.567,-3.316,-6.475
77.600,-3.316,-6.475
77.633,-3.316,-6.475
77.667,-3.316,-6.475
77.700,-3.299,-6.446
77.733,-3.299,-6.446
77.767,-2.629,-6.446
77.800,-2.629,-6.446
77.833,-2.682,-6.409
77.867,-2.731,-6.386
77.900,-2.731,-6.386
77.933,-2.774,-6.363
77.967,-2.774,-6.363
78.000,-2.815,-6.344
78.033,-2.815,-6.344
78.067,-2.843,-6.330
78.100,-2.874,-6.309
78.133,-2.874,-6.309
78.167,-2.874,-6.309
78.233,-2.874,-6.309
78.267,-2.874,-6.309
78.300,-2.890,-6.274
78.333,-2.890,-6.274
78.367,-2.890,-6.274
78.400,-2.890,-6.274
78.433,-2.890,-6.274
78.467,-2.890,-6.274
78.500,-2.903,-6.229
78.533,-2.903,-6.229
78.567,-2.903,-6.229
78.600,-2.908,-6.181
78.633,-2.908,-6.181
78.667,-2.911,-6.136
78.700,-2.911,-6.136
78.733,-2.917,-6.091
78.767,-2.917,-6.091
78.800,-2.917,-6.091
78.833,-2.917,-6.091
78.867,-2.917,-6.091
78.900,-2.917,-6.091
78.933,-2.917,-6.091
78.967,-2.917,-6.038
79.000,-2.917,-6.038
79.033,-2.917,-6.038
79.067,-2.917,-6.038
79.100,-2.917,-6.038
79.133,-2.917,-6.038
79.167,-2.917,-6.038
79.200,-2.913,-5.982
79.233,-2.909,-5.932
79.267,-2.909,-5.932
79.300,-2.909,-5.932
79.333,-2.909,-5.932
79.367,-2.909,-5.932
79.400,-2.902,-5.888
79.433,-2.902,-5.888
79.467,-2.902,-5.888
79.500,-2.902,-5.888
79.533,-2.902,-5.888
79.567,-2.892,-5.834
79.600,-2.892,-5.834
79.633,-2.892,-5.834
79.667,-2.892,-5.834
79.700,-2.892,-5.834
79.733,-2.892,-5.834
79.767,-2.892,-5.834
79.800,-2.892,-5.834
79.833,-2.878,-5.783
79.867,-2.878,-5.783
79.900,-2.878,-5.783
79.933,-2.863,-5.729
79.967,-2.843,-5.687
80.000,-2.831,-5.644
80.033,-2.822,-5.601
80.067,-2.822,-5.601
80.100,-2.822,-5.601
80.133,-2.807,-5.564
80.167,-2.807,-5.564
80.200,-2.807,-5.564
80.233,-2.807,-5.564
80.267,-2.807,-5.564
80.300,-2.807,-5.564
80.333,-2.807,-5.564
80.367,-2.788,-5.511
80.400,-2.765,-5.461
80.433,-2.746,-5.406
80.467,-2.731,-5.353
80.500,-2.731,-5.353
80.533,-2.731,-5.353
80.567,-2.718,-5.300
80.600,-2.706,-5.251
80.633,-2.695,-5.206
80.667,-2.695,-5.206
80.700,-2.677,-5.157
80.733,-2.677,-5.157
80.767,-2.662,-5.108
80.800,-2.652,-5.058
80.833,-2.652,-5.058
80.867,-2.652,-5.058
80.900,-2.639,-5.019
80.933,-2.625,-4.990
80.967,-2.625,-4.990
81.000,-2.625,-4.990
81.033,-2.625,-4.990
81.067,-2.625,-4.990
81.100,-2.625,-4.990
81.133,-2.611,-4.949
81.167,-2.611,-4.949
81.200,-2.594,-4.894
81.233,-2.594,-4.894
81.267,-2.594,-4.894
81.300,-2.594,-4.894
81.333,-2.573,-4.833
81.367,-2.556,-4.768
81.400,-2.556,-4.768
81.433,-2.556,-4.768
81.467,-2.556,-4.768
81.500,-2.556,-4.768
81.533,-2.534,-4.704
81.567,-2.534,-4.704
81.600,-2.534,-4.704
81.633,-2.534,-4.704
81.667,-2.534,-4.704
81.700,-2.534,-4.704
81.733,-2.514,-4.643
81.767,-2.514,-4.643
81.800,-2.492,-4.578
81.833,-2.492,-4.578
81.867,-2.471,-4.523
81.900,-2.471,-4.523
81.933,-2.455,-4.466
81.967,-2.455,-4.466
82.000,-2.455,-4.466
82.033,-2.455,-4.466
82.067,-2.434,-4.408
82.100,-2.421,-4.350
82.133,-2.407,-4.300
82.167,-2.407,-4.300
82.200,-2.407,-4.300
82.233,-2.407,-4.300
82.267,-2.407,-4.300
82.300,-2.407,-4.300
82.333,-2.390,-4.236
82.367,-2.390,-4.236
82.400,-2.390,-4.236
82.433,-2.390,-4.236
82.467,-2.390,-4.236
82.500,-2.390,-4.236
82.533,-2.368,-4.163
82.567,-2.349,-4.096
82.600,-2.349,-4.096
82.633,-2.349,-4.096
82.667,-2.328,-4.039
82.700,-2.328,-4.039
82.733,-2.328,-4.039
82.767,-2.328,-4.039
82.800,-2.328,-4.039
82.833,-2.308,-3.980
82.867,-2.308,-3.980
82.900,-2.308,-3.980
82.933,-2.308,-3.980
82.967,-2.279,-3.925
83.000,-2.279,-3.925
83.033,-2.279,-3.925
83.067,-2.279,-3.925
83.100,-2.264,-3.873
83.133,-2.264,-3.873
83.167,-2.254,-3.826
83.200,-2.239,-3.786
83.233,-2.239,-3.786
83.267,-2.226,-3.751
83.300,-2.226,-3.751
83.333,-2.210,-3.722
83.367,-2.210,-3.722
83.400,-2.210,-3.722
83.433,-2.210,-3.722
83.467,-2.212,-3.706
83.500,-2.212,-3.706
83.533,-2.212,-3.706
83.567,-2.212,-3.706
83.600,-2.212,-3.706
83.633,-2.212,-3.706
83.667,-2.219,-3.702
83.700,-2.219,-3.702
83.733,-2.219,-3.702
83.767,-2.219,-3.702
83.800,-2.223,-3.701
83.833,-2.223,-3.701
83.867,-2.228,-3.700
83.900,-2.232,-3.712
83.933,-2.232,-3.712
83.967,-2.232,-3.712
84.000,-2.232,-3.712
84.033,-2.232,-3.712
84.067,-2.232,-3.712
84.100,-2.232,-3.712
84.133,-2.232,-3.712
84.167,-2.232,-3.712
84.200,-2.232,-3.712
84.233,-2.245,-3.729
84.267,-2.253,-3.745
84.300,-2.253,-3.745
84.333,-2.253,-3.745
84.367,-2.253,-3.745
84.400,-2.253,-3.745
84.433,-2.265,-3.775
84.467,-2.277,-3.801
84.500,-2.277,-3.801
84.533,-2.301,-3.825
84.567,-2.312,-3.847
84.600,-2.312,-3.847
84.633,-2.312,-3.847
84.667,-2.312,-3.847
84.700,-2.312,-3.847
84.733,-2.312,-3.847
84.767,-2.312,-3.847
84.800,-2.312,-3.847
84.833,-2.312,-3.847
84.867,-2.312,-3.847
84.900,-2.312,-3.847
84.933,-2.312,-3.847
84.967,-2.312,-3.847
85.000,-2.343,-3.899
85.033,-2.368,-3.950
85.067,-2.368,-3.950
85.100,-2.368,-3.950
85.133,-2.368,-3.950
85.167,-2.368,-3.950
85.200,-2.368,-3.950
85.233,-2.368,-3.950
85.267,-2.368,-3.950
85.300,-2.368,-3.950
85.333,-2.368,-3.950
85.367,-2.368,-3.950
85.400,-2.368,-3.950
85.433,-2.404,-4.024
85.467,-2.444,-4.097
85.500,-2.444,-4.097
85.533,-2.485,-4.165
85.567,-2.485,-4.165
85.600,-2.485,-4.165
85.633,-2.523,-4.234
85.667,-2.523,-4.234
85.700,-2.523,-4.234
85.733,-2.564,-4.307
85.767,-2.602,-4.371
85.800,-2.602,-4.371
85.833,-2.629,-4.434
85.867,-2.653,-4.491
85.900,-2.681,-4.543
85.933,-2.681,-4.543
85.967,-2.681,-4.543
86.000,-2.681,-4.543
86.033,-2.703,-4.598
86.067,-2.725,-4.649
86.100,-2.725,-4.649
86.133,-2.747,-4.695
86.167,-2.747,-4.695
86.200,-2.747,-4.695
86.233,-2.771,-4.742
86.267,-2.771,-4.742
86.300,-2.771,-4.742
86.333,-2.771,-4.742
86.367,-2.771,-4.742
86.400,-2.799,-4.784
86.433,-2.799,-4.784
86.467,-2.799,-4.784
86.500,-2.822,-4.827
86.533,-2.822,-4.827
86.567,-2.822,-4.827
86.600,-2.822,-4.827
86.633,-2.822,-4.827
86.667,-2.822,-4.827
86.700,-2.822,-4.827
86.733,-2.822,-4.827
86.767,-2.850,-4.885
86.800,-2.850,-4.885
86.833,-2.850,-4.885
86.867,-2.850,-4.885
86.900,-2.885,-4.932
86.933,-2.912,-4.983
86.967,-2.939,-5.023
87.000,-2.939,-5.023
87.033,-2.976,-5.054
87.067,-3.006,-5.089
87.100,-3.006,-5.089
87.133,-3.006,-5.089
87.167,-3.029,-5.129
87.200,-3.056,-5.167
87.233,-3.056,-5.167
87.267,-3.080,-5.190
87.300,-3.080,-5.190
87.333,-3.102,-5.221
87.367,-3.117,-5.254
87.400,-3.133,-5.284
87.433,-3.133,-5.284
87.467,-3.154,-5.310
87.500,-3.154,-5.310
87.533,-3.154,-5.310
87.567,-3.171,-5.337
87.600,-3.171,-5.337
87.633,-3.171,-5.337
87.667,-3.171,-5.337
87.700,-3.171,-5.337
87.733,-3.196,-5.357
87.767,-3.214,-5.377
87.800,-3.214,-5.377
87.833,-3.214,-5.377
87.867,-3.214,-5.377
87.900,-3.214,-5.377
87.933,-3.214,-5.377
87.967,-3.214,-5.377
88.000,-3.214,-5.377
88.033,-3.214,-5.377
88.067,-3.214,-5.377
88.100,-3.214,-5.377
88.133,-3.227,-5.398
88.167,-3.227,-5.398
88.200,-3.227,-5.398
88.233,-3.227,-5.398
88.267,-3.243,-5.421
88.300,-3.243,-5.421
88.333,-3.252,-5.441
88.367,-3.265,-5.466
88.400,-3.265,-5.466
88.433,-3.283,-5.484
88.467,-3.283,-5.484
88.500,-3.297,-5.501
88.533,-3.297,-5.501
88.567,-3.297,-5.501
88.600,-3.297,-5.501
88.633,-3.312,-5.529
88.667,-3.326,-5.551
88.700,-3.337,-5.573
88.733,-3.337,-5.573
88.767,-3.337,-5.573
88.800,-3.337,-5.573
88.833,-3.337,-5.573
88.867,-3.346,-5.587
88.900,-3.358,-5.599
88.933,-3.358,-5.599
88.967,-3.358,-5.599
89.000,-3.358,-5.599
89.033,-3.378,-5.619
89.067,-3.394,-5.639
89.100,-3.406,-5.671
89.133,-3.418,-5.702
89.167,-3.418,-5.702
89.200,-3.418,-5.702
89.233,-3.418,-5.702
89.267,-3.418,-5.702
89.300,-3.418,-5.702
89.333,-3.418,-5.702
89.367,-3.434,-5.737
89.400,-3.434,-5.737
89.433,-3.434,-5.737
89.467,-3.434,-5.737
89.500,-3.449,-5.779
89.533,-3.449,-5.779
89.567,-3.449,-5.779
89.600,-3.465,-5.809
89.633,-3.482,-5.837
89.667,-3.482,-5.837
89.700,-3.482,-5.837
89.733,-3.493,-5.869
89.767,-3.493,-5.869
89.800,-3.493,-5.869
89.833,-3.493,-5.869
89.867,-3.503,-5.902
89.900,-3.512,-5.933
89.933,-3.512,-5.933
90.033,-3.529,-5.961
90.067,-3.542,-5.991
90.133,-3.542,-5.991
90.167,-3.551,-6.028
90.200,-3.551,-6.028
90.233,-3.551,-6.028
90.267,-3.566,-6.062
90.300,-3.586,-6.093
90.333,-3.586,-6.093
90.367,-3.586,-6.093
90.400,-3.600,-6.119
90.433,-3.600,-6.119
90.467,-3.600,-6.119
90.500,-3.600,-6.119
90.533,-3.613,-6.153
90.567,-3.627,-6.180
90.600,-3.627,-6.180
90.633,-3.627,-6.180
90.667,-3.640,-6.208
90.700,-3.640,-6.208
90.733,-3.640,-6.208
90.767,-3.640,-6.208
90.800,-3.640,-6.208
90.833,-3.640,-6.208
90.867,-3.646,-6.240
90.900,-3.646,-6.274
90.933,-3.646,-6.274
90.967,-3.646,-6.274
91.000,-3.658,-6.299
91.033,-3.658,-6.299
91.067,-3.662,-6.325
91.100,-3.662,-6.325
91.133,-3.662,-6.325
91.167,-3.662,-6.325
91.200,-3.662,-6.325
91.233,-3.662,-6.325
91.267,-3.662,-6.354
91.300,-3.662,-6.354
91.333,-3.662,-6.354
91.367,-3.667,-6.373
91.400,-3.667,-6.373
91.433,-3.667,-6.373
91.467,-3.667,-6.373
91.500,-3.667,-6.373
91.533,-3.667,-6.373
91.567,-3.671,-6.401
91.600,-3.667,-6.428
91.633,-3.667,-6.428
91.667,-3.666,-6.448
91.700,-3.673,-6.458
91.733,-3.680,-6.474
91.767,-3.698,-6.482
91.800,-3.698,-6.482
91.833,-3.767,-6.418
91.867,-3.781,-6.412
91.900,-3.781,-6.412
91.933,-3.781,-6.412
91.967,-3.781,-6.412
92.000,-3.781,-6.412
92.033,-3.774,-6.426
92.067,-3.774,-6.426
92.100,-3.774,-6.426
92.133,-3.774,-6.426
92.167,-3.774,-6.426
92.200,-3.758,-6.444
92.233,-3.758,-6.444
92.267,-3.758,-6.444
92.333,-3.758,-6.444
92.400,-3.758,-6.444
92.433,-3.758,-6.444
92.467,-3.758,-6.444
92.500,-3.758,-6.444
92.533,-3.758,-6.444
92.567,-3.758,-6.444
92.600,-3.758,-6.444
92.633,-3.758,-6.444
92.667,-3.758,-6.444
92.700,-3.758,-6.444
92.733,-3.758,-6.444
92.767,-3.738,-6.471
92.800,-3.724,-6.491
92.900,-3.709,-6.506
92.967,-3.709,-6.506
93.000,-3.709,-6.506
93.033,-3.697,-6.524
93.067,-3.697,-6.524
93.100,-3.697,-6.524
93.133,-3.697,-6.524
93.167,-3.685,-6.532
93.200,-3.685,-6.532
93.233,-3.685,-6.532
93.267,-3.679,-6.537
93.300,-3.669,-6.546
93.333,-3.619,-6.657
93.367,-3.619,-6.657
93.400,-3.619,-6.657
93.433,-3.619,-6.657
93.467,-3.611,-6.650
93.500,-3.611,-6.650
93.533,-3.609,-6.640
93.567,-3.609,-6.640
93.600,-3.609,-6.640
93.633,-3.609,-6.640
93.667,-3.609,-6.640
93.700,-3.609,-6.640
93.733,-3.609,-6.640
93.767,-3.609,-6.640
93.800,-3.609,-6.640
93.833,-3.609,-6.640
93.900,-3.609,-6.640
93.967,-3.603,-6.618
94.033,-3.603,-6.618
94.067,-3.601,-6.599
94.100,-3.601,-6.599
94.133,-3.601,-6.599
94.167,-3.601,-6.599
94.200,-3.598,-6.574
94.233,-3.598,-6.574
94.267,-3.598,-6.574
94.300,-3.592,-6.548
94.333,-3.592,-6.548
94.367,-3.592,-6.548
94.400,-3.584,-6.524
94.433,-3.580,-6.500
94.467,-3.580,-6.500
94.500,-3.580,-6.500
94.533,-3.577,-6.476
94.567,-3.571,-6.449
94.600,-3.571,-6.449
94.633,-3.569,-6.421
94.667,-3.565,-6.394
94.700,-3.565,-6.394
94.733,-3.565,-6.394
94.767,-3.565,-6.394
94.800,-3.565,-6.394
94.833,-3.565,-6.394
94.867,-3.565,-6.394
94.900,-3.556,-6.362
94.933,-3.556,-6.362
94.967,-3.548,-6.327
95.000,-3.548,-6.327
95.033,-3.536,-6.294
95.100,-3.536,-6.294
95.133,-3.526,-6.264
95.167,-3.526,-6.264
95.200,-3.526,-6.264
95.233,-3.526,-6.264
95.267,-3.526,-6.264
95.300,-3.526,-6.264
95.333,-3.521,-6.226
95.367,-3.521,-6.226
95.400,-3.521,-6.226
95.433,-3.521,-6.226
95.467,-3.507,-6.187
95.500,-3.507,-6.187
95.533,-3.498,-6.144
95.567,-3.498,-6.144
95.600,-3.498,-6.144
95.633,-3.498,-6.144
95.667,-3.493,-6.102
95.700,-3.485,-6.068
95.733,-3.478,-6.035
95.767,-3.478,-6.035
95.800,-3.467,-6.004
95.833,-3.467,-6.004
95.867,-3.467,-6.004
95.900,-3.457,-5.966
95.933,-3.457,-5.966
95.967,-3.448,-5.922
96.000,-3.436,-5.885
96.033,-3.436,-5.885
96.067,-3.425,-5.849
96.100,-3.425,-5.849
96.133,-3.425,-5.849
96.167,-3.425,-5.849
96.200,-3.425,-5.849
96.233,-3.425,-5.849
96.267,-3.425,-5.849
96.300,-3.420,-5.812
96.333,-3.420,-5.812
96.367,-3.412,-5.783
96.400,-3.412,-5.783
96.433,-3.412,-5.783
96.467,-3.412,-5.783
96.500,-3.412,-5.783
96.533,-3.404,-5.754
96.567,-3.404,-5.754
96.600,-3.404,-5.754
96.633,-3.404,-5.754
96.667,-3.400,-5.721
96.700,-3.399,-5.688
96.733,-3.400,-5.656
96.767,-3.401,-5.629
96.800,-3.401,-5.629
96.833,-3.401,-5.629
96.867,-3.391,-5.594
96.900,-3.385,-5.556
96.933,-3.385,-5.556
96.967,-3.385,-5.556
97.000,-3.385,-5.556
97.033,-3.378,-5.518
97.067,-3.368,-5.486
97.100,-3.366,-5.450
97.133,-3.366,-5.450
97.167,-3.366,-5.422
97.200,-3.366,-5.422
97.233,-3.366,-5.422
97.267,-3.366,-5.422
97.300,-3.392,-5.392
97.333,-3.435,-5.411
97.367,-3.435,-5.411
97.400,-3.465,-5.398
97.433,-3.497,-5.377
97.467,-3.513,-5.358
97.500,-3.513,-5.358
97.533,-3.513,-5.358
97.567,-3.513,-5.358
97.600,-3.513,-5.358
97.633,-3.493,-5.313
97.667,-3.477,-5.263
97.700,-3.477,-5.263
97.733,-3.446,-5.196
97.767,-3.446,-5.196
97.800,-3.446,-5.196
97.833,-3.446,-5.196
97.867,-3.385,-5.085
97.900,-3.322,-4.979
97.933,-3.322,-4.979
97.967,-3.322,-4.979
98.000,-3.247,-4.851
98.033,-3.247,-4.851
98.067,-3.172,-4.720
98.100,-3.172,-4.720
98.133,-3.090,-4.593
98.167,-3.090,-4.593
98.200,-3.090,-4.593
98.233,-3.090,-4.593
98.267,-3.090,-4.593
98.300,-3.090,-4.593
98.333,-3.090,-4.593
98.367,-3.090,-4.593
98.400,-2.987,-4.423
98.433,-2.987,-4.423
98.467,-2.987,-4.423
98.500,-2.987,-4.423
98.533,-2.987,-4.423
98.567,-2.890,-4.264
98.600,-2.890,-4.264
98.633,-2.890,-4.264
98.667,-2.890,-4.264
98.700,-2.805,-4.131
98.733,-2.805,-4.131
98.767,-2.805,-4.131
98.800,-2.805,-4.131
98.833,-2.722,-4.008
98.867,-2.722,-4.008
98.900,-2.655,-3.895
98.933,-2.655,-3.895
98.967,-2.655,-3.895
99.000,-2.655,-3.895
99.033,-2.655,-3.895
99.067,-2.655,-3.895
99.100,-2.593,-3.795
99.133,-2.593,-3.795
99.167,-2.536,-3.713
99.200,-2.536,-3.713
99.233,-2.491,-3.631
99.267,-2.449,-3.558
99.300,-2.449,-3.558
99.333,-2.449,-3.558
99.367,-2.449,-3.558
99.400,-2.449,-3.558
99.433,-2.449,-3.558
99.467,-2.449,-3.558
99.500,-2.449,-3.558
99.533,-2.449,-3.558
99.567,-2.408,-3.505
99.600,-2.408,-3.505
99.633,-2.379,-3.458
99.667,-2.379,-3.458
99.700,-2.354,-3.419
99.733,-2.354,-3.419
99.767,-2.354,-3.419
99.800,-2.354,-3.419
99.833,-2.354,-3.419
99.867,-2.354,-3.419
99.900,-2.322,-3.393
99.933,-2.294,-3.375
99.967,-2.294,-3.375
100.000,-2.294,-3.375
100.033,-2.294,-3.375
100.067,-2.294,-3.375
100.100,-2.294,-3.375
100.133,-2.274,-3.367
100.167,-2.257,-3.356
100.200,-2.246,-3.345
100.233,-2.246,-3.345
100.267,-2.246,-3.345
100.300,-2.246,-3.345
100.333,-2.246,-3.345
100.367,-2.246,-3.345
100.400,-2.246,-3.345
100.433,-2.246,-3.345
100.467,-2.246,-3.345
100.500,-2.235,-3.342
100.533,-2.235,-3.342
100.567,-2.225,-3.339
100.600,-2.218,-3.337
100.633,-2.223,-3.330
100.667,-2.231,-3.318
100.700,-2.231,-3.318
100.733,-2.221,-3.333
100.767,-2.220,-3.345
100.800,-2.219,-3.345
100.833,-2.219,-3.345
100.867,-2.219,-3.345
100.900,-2.209,-3.350
100.933,-2.203,-3.353
100.967,-2.203,-3.353
101.000,-2.204,-3.360
101.033,-2.204,-3.360
101.067,-2.204,-3.360
101.100,-2.194,-3.369
101.133,-2.194,-3.369
101.167,-2.194,-3.369
101.200,-2.194,-3.369
101.233,-2.196,-3.375
101.267,-2.199,-3.389
101.300,-2.199,-3.389
101.333,-2.199,-3.389
101.367,-2.199,-3.389
101.400,-2.199,-3.389
101.433,-2.199,-3.389
101.467,-2.203,-3.404
101.500,-2.203,-3.404
101.533,-2.203,-3.404
101.567,-2.203,-3.404
101.600,-2.201,-3.420
101.633,-2.199,-3.434
101.667,-2.203,-3.442
101.700,-2.203,-3.442
101.733,-2.199,-3.454
101.767,-2.199,-3.454
101.800,-2.199,-3.454
101.833,-2.203,-3.466
101.867,-2.203,-3.466
101.900,-2.203,-3.466
101.933,-2.203,-3.466
101.967,-2.203,-3.466
102.000,-2.198,-3.486
102.033,-2.194,-3.503
102.067,-2.194,-3.503
102.100,-2.194,-3.503
102.133,-2.193,-3.511
102.167,-2.190,-3.524
102.200,-2.190,-3.524
102.233,-2.190,-3.524
102.267,-2.190,-3.524
102.300,-2.191,-3.546
102.333,-2.188,-3.565
102.367,-2.188,-3.565
102.400,-2.188,-3.565
102.433,-2.188,-3.565
102.467,-2.188,-3.565
102.500,-2.188,-3.565
102.533,-2.188,-3.565
102.567,-2.188,-3.565
102.600,-2.188,-3.565
102.633,-2.188,-3.565
102.667,-2.185,-3.580
102.700,-2.185,-3.580
102.733,-2.185,-3.580
102.767,-2.185,-3.580
102.800,-2.187,-3.600
102.833,-2.187,-3.600
102.867,-2.187,-3.600
102.900,-2.187,-3.600
102.933,-2.187,-3.600
102.967,-2.186,-3.616
103.000,-2.186,-3.616
103.033,-2.186,-3.616
103.067,-2.186,-3.638
103.100,-2.188,-3.658
103.133,-2.188,-3.658
103.167,-2.188,-3.658
103.200,-2.188,-3.658
103.233,-2.185,-3.673
103.267,-2.187,-3.686
103.300,-2.187,-3.686
103.333,-2.187,-3.686
103.367,-2.177,-3.700
103.400,-2.170,-3.711
103.433,-2.170,-3.711
103.467,-2.168,-3.715
103.500,-2.165,-3.727
103.533,-2.165,-3.727
103.567,-2.165,-3.727
103.600,-2.165,-3.727
103.633,-2.165,-3.727
103.667,-2.165,-3.727
103.700,-2.165,-3.727
103.733,-2.165,-3.737
103.767,-2.165,-3.737
103.800,-2.165,-3.748
103.833,-2.159,-3.764
103.867,-2.154,-3.773
103.900,-2.154,-3.773
103.933,-2.151,-3.779
103.967,-2.151,-3.779
104.000,-2.151,-3.779
104.033,-2.148,-3.784
104.067,-2.148,-3.784
104.100,-2.143,-3.795
104.133,-2.143,-3.795
104.167,-2.143,-3.795
104.200,-2.143,-3.795
104.233,-2.141,-3.801
104.267,-2.141,-3.801
104.300,-2.136,-3.808
104.333,-2.136,-3.808
104.367,-2.136,-3.808
104.400,-2.136,-3.808
104.433,-2.136,-3.808
104.467,-2.136,-3.808
104.500,-2.136,-3.808
104.533,-2.138,-3.816
104.567,-2.134,-3.825
104.600,-2.134,-3.825
104.633,-2.134,-3.825
104.667,-2.186,-3.774
104.700,-2.217,-3.734
104.733,-2.217,-3.734
104.767,-2.204,-3.745
104.800,-2.204,-3.745
104.833,-2.196,-3.751
104.867,-2.196,-3.751
104.900,-2.196,-3.751
104.933,-2.196,-3.751
104.967,-2.196,-3.751
105.000,-2.196,-3.751
105.033,-2.196,-3.751
105.067,-2.188,-3.747
105.100,-2.188,-3.747
105.133,-2.188,-3.747
105.167,-2.188,-3.747
105.200,-2.181,-3.748
105.233,-2.180,-3.734
105.267,-2.180,-3.734
105.300,-2.158,-3.747
105.333,-2.158,-3.747
105.367,-2.158,-3.747
105.400,-2.158,-3.747
105.433,-2.144,-3.752
105.467,-2.144,-3.752
105.500,-2.125,-3.762
105.533,-2.125,-3.762
105.567,-2.104,-3.772
105.600,-2.088,-3.778
105.633,-2.088,-3.778
105.667,-2.088,-3.778
105.700,-2.074,-3.780
105.733,-2.074,-3.780
105.767,-2.074,-3.780
105.800,-2.074,-3.780
105.833,-2.054,-3.785
105.867,-2.054,-3.785
105.900,-2.046,-3.788
105.933,-2.032,-3.795
105.967,-2.032,-3.795
106.000,-2.032,-3.795
106.033,-2.032,-3.795
106.067,-2.032,-3.795
106.100,-2.016,-3.807
106.133,-2.016,-3.807
106.167,-2.006,-3.813
106.200,-2.006,-3.813
106.233,-2.006,-3.813
106.267,-1.994,-3.814
106.300,-1.986,-3.812
106.333,-1.986,-3.812
106.367,-1.976,-3.811
106.400,-1.976,-3.811
106.433,-1.976,-3.811
106.467,-1.976,-3.811
106.500,-1.976,-3.811
106.533,-1.976,-3.811
106.567,-1.976,-3.811
106.600,-1.976,-3.811
106.633,-1.963,-3.811
106.667,-1.948,-3.817
106.700,-1.933,-3.824
106.733,-1.933,-3.824
106.767,-1.923,-3.823
106.800,-1.923,-3.823
106.833,-1.911,-3.823
106.867,-1.911,-3.823
106.900,-1.911,-3.823
106.933,-1.911,-3.823
106.967,-1.911,-3.823
107.000,-1.906,-3.817
107.033,-1.906,-3.817
107.067,-1.906,-3.817
107.100,-1.906,-3.817
107.133,-1.906,-3.817
107.167,-1.906,-3.817
107.200,-1.906,-3.817
107.233,-1.906,-3.817
107.267,-1.892,-3.814
107.300,-1.892,-3.814
107.333,-1.892,-3.814
107.367,-1.892,-3.814
107.400,-1.892,-3.814
107.433,-1.892,-3.814
107.467,-1.892,-3.814
107.500,-1.892,-3.814
107.533,-1.892,-3.814
107.567,-1.892,-3.814
107.600,-1.884,-3.810
107.633,-1.884,-3.810
107.667,-1.884,-3.810
107.700,-1.884,-3.810
107.733,-1.884,-3.810
107.767,-1.884,-3.810
107.800,-2.487,-3.650
107.833,-2.487,-3.650
107.867,-2.487,-3.650
107.900,-2.487,-3.650
107.933,-2.399,-3.660
107.967,-2.322,-3.668
108.000,-2.322,-3.668
108.033,-2.322,-3.668
108.067,-2.259,-3.667
108.100,-2.217,-3.651
108.133,-2.174,-3.640
108.167,-2.174,-3.640
108.200,-2.119,-3.645
108.233,-2.065,-3.654
108.267,-2.065,-3.654
108.300,-2.032,-3.637
108.333,-1.995,-3.633
108.367,-1.954,-3.637
108.400,-1.920,-3.636
108.433,-1.920,-3.636
108.467,-1.887,-3.637
108.500,-1.857,-3.641
108.533,-1.857,-1.957
108.567,-1.857,-1.957
108.600,-1.857,-1.957
108.633,-1.829,-2.125
108.667,-1.829,-2.125
108.700,-1.829,-2.125
108.733,-1.829,-2.125
108.767,-1.829,-2.125
108.800,-1.829,-2.125
108.833,-1.829,-2.125
108.867,-1.829,-2.125
108.900,-1.829,-2.125
108.933,-1.829,-2.125
108.967,-1.799,-2.270
109.000,-1.799,-2.270
109.033,-1.799,-2.270
109.067,-1.799,-2.270
109.100,-1.770,-2.398
109.133,-1.770,-2.398
109.167,-1.770,-2.398
109.200,-1.770,-2.398
109.233,-1.770,-2.398
109.267,-1.745,-2.509
109.300,-1.745,-2.509
109.333,-1.745,-2.509
109.367,-1.716,-2.612
109.400,-1.692,-2.698
109.433,-1.692,-2.698
109.467,-1.692,-2.698
109.500,-1.692,-2.698
109.533,-1.692,-2.698
109.567,-1.692,-2.698
109.600,-1.692,-2.698
109.633,-1.692,-2.698
109.667,-1.692,-2.698
109.700,-1.692,-2.698
109.733,-1.692,-2.698
109.767,-1.692,-2.698
109.800,-1.692,-2.698
109.833,-1.663,-2.787
109.867,-1.663,-2.787
109.900,-1.663,-2.787
109.933,-1.663,-2.787
109.967,-1.663,-2.787
110.000,-1.663,-2.787
110.033,-1.642,-2.852
110.067,-1.642,-2.852
110.100,-1.642,-2.852
110.133,-1.621,-2.912
110.167,-1.603,-2.962
110.200,-1.585,-3.008
110.233,-1.570,-3.052
110.267,-1.570,-3.052
110.300,-1.570,-3.052
110.333,-1.570,-3.052
110.367,-1.550,-3.094
110.400,-1.550,-3.094
110.433,-1.550,-3.094
110.467,-1.550,-3.094
110.500,-1.550,-3.094
110.533,-1.606,-3.177
110.567,-1.606,-3.177
110.600,-1.606,-3.177
110.633,-1.606,-3.177
110.667,-1.606,-3.177
110.700,-1.606,-3.177
110.733,-1.637,-3.257
110.767,-1.637,-3.257
110.800,-1.637,-3.257
110.833,-1.637,-2.097
110.867,-1.637,-2.097
110.900,-1.637,-2.097
110.933,-1.688,-2.235
110.967,-1.712,-2.388
111.000,-1.733,-2.518
111.033,-1.733,-2.518
111.067,-1.763,-2.637
111.100,-1.786,-2.751
111.133,-1.786,-2.751
111.167,-1.786,-2.751
111.200,-1.786,-2.751
111.233,-1.786,-2.751
111.267,-1.786,-2.751
111.300,-1.786,-2.751
111.333,-1.800,-2.862
111.367,-1.813,-2.962
111.400,-1.813,-2.962
111.433,-1.813,-2.962
111.467,-1.813,-2.962
111.500,-1.822,-3.039
111.533,-1.830,-3.105
111.567,-1.834,-3.166
111.600,-1.834,-3.166
111.633,-1.834,-3.166
111.667,-1.839,-3.222
111.700,-1.839,-3.222
111.733,-1.839,-3.222
111.767,-1.840,-3.270
111.800,-1.846,-3.309
111.833,-1.846,-3.309
111.867,-1.846,-3.309
111.900,-1.845,-3.339
111.933,-1.845,-3.339
111.967,-1.526,-3.339
112.000,-1.526,-3.339
112.033,-1.552,-3.364
112.067,-1.578,-3.387
112.100,-1.598,-3.404
112.133,-1.598,-3.404
112.167,-1.598,-3.404
112.200,-1.617,-3.422
112.233,-1.629,-3.441
112.267,-1.629,-3.441
112.300,-1.629,-3.441
112.333,-1.629,-3.441
112.400,-1.640,-3.458
112.433,-1.640,-3.458
112.467,-1.648,-3.455
112.500,-1.648,-3.455
112.533,-1.648,-3.455
112.567,-1.648,-3.455
112.600,-1.669,-3.499
112.633,-1.667,-3.493
112.667,-1.666,-3.486
112.700,-1.663,-3.479
112.733,-1.661,-3.472
112.767,-1.661,-3.472
112.800,-1.656,-3.457
112.833,-1.656,-3.457
112.867,-1.652,-3.445
112.900,-1.652,-3.445
112.933,-1.652,-3.445
112.967,-1.648,-3.426
113.000,-1.641,-3.410
113.033,-1.641,-3.410
113.067,-1.635,-3.397
113.100,-1.625,-3.378
113.133,-1.619,-3.354
113.167,-1.619,-3.354
113.200,-1.619,-3.354
113.233,-1.619,-3.354
113.267,-1.619,-3.354
113.300,-1.610,-3.327
113.333,-1.610,-3.327
113.367,-1.610,-3.327
113.400,-1.599,-3.304
113.433,-1.591,-3.282
113.467,-1.585,-3.260
113.500,-1.578,-3.239
113.533,-1.569,-3.223
113.567,-1.561,-3.212
113.600,-1.561,-3.212
113.633,-1.561,-3.212
113.667,-1.553,-3.196
113.700,-1.553,-3.196
113.733,-1.542,-3.182
113.767,-1.536,-3.161
113.800,-1.536,-3.161
113.833,-1.525,-3.142
113.867,-1.525,-3.142
113.900,-1.509,-3.128
113.933,-1.492,-3.110
113.967,-1.492,-3.110
114.000,-1.481,-3.091
114.033,-1.463,-3.074
114.067,-1.450,-3.049
114.100,-1.443,-3.030
114.133,-1.431,-3.018
114.167,-1.431,-3.018
114.200,-1.431,-3.018
114.233,-1.420,-2.998
114.267,-1.420,-2.998
114.300,-1.409,-2.976
114.333,-1.409,-2.976
114.367,-1.409,-2.976
114.400,-1.409,-2.976
114.433,-1.392,-2.948
114.467,-1.380,-2.918
114.500,-1.369,-2.893
114.533,-1.358,-2.874
114.567,-1.358,-2.874
114.600,-1.348,-2.861
114.633,-1.348,-2.861
114.667,-1.338,-2.838
114.700,-1.338,-2.838
114.733,-1.324,-2.818
114.767,-1.307,-2.795
114.800,-1.307,-2.795
114.833,-1.307,-2.795
114.867,-1.307,-2.795
114.900,-1.307,-2.795
114.933,-1.307,-2.795
114.967,-1.292,-2.753
115.000,-1.281,-2.713
115.033,-1.273,-2.672
115.067,-1.267,-2.635
115.100,-1.265,-2.601
115.133,-1.265,-2.601
115.167,-1.261,-2.567
115.200,-1.258,-2.539
115.233,-1.258,-2.539
115.267,-1.251,-2.514
115.300,-1.251,-2.514
115.333,-1.251,-2.514
115.367,-1.240,-2.486
115.400,-1.240,-2.486
115.433,-1.233,-2.457
115.467,-1.233,-2.457
115.500,-1.233,-2.457
115.533,-1.233,-2.457
115.567,-1.233,-2.457
115.600,-1.233,-2.457
115.633,-1.233,-2.457
115.667,-1.222,-2.417
115.700,-1.222,-2.417
115.733,-1.222,-2.417
115.767,-1.222,-2.417
115.800,-1.222,-2.417
115.833,-1.222,-2.417
115.867,-1.222,-2.417
115.900,-1.222,-2.417
115.933,-1.222,-2.417
115.967,-1.222,-2.417
116.000,-1.200,-2.355
116.033,-1.182,-2.301
116.067,-1.182,-2.301
116.100,-1.182,-2.301
116.133,-1.164,-2.252
116.167,-1.164,-2.252
116.200,-1.164,-2.252
116.233,-1.164,-2.252
116.267,-1.148,-2.208
116.300,-1.131,-2.166
116.333,-1.131,-2.166
116.367,-1.131,-2.166
116.400,-1.117,-2.114
116.433,-1.103,-2.074
116.467,-1.103,-2.074
116.500,-1.103,-2.074
116.533,-1.086,-2.038
116.567,-1.075,-2.001
116.600,-1.075,-2.001
116.633,-0.962,-2.001
116.667,-0.960,-1.973
116.700,-0.960,-1.973
116.733,-0.959,-1.940
116.767,-0.959,-1.940
116.800,-0.953,-1.910
116.833,-0.953,-1.910
116.867,-0.953,0.057
116.900,-0.953,0.057
116.933,-0.945,-0.097
116.967,-0.945,-0.097
117.000,-0.945,-0.097
117.033,-0.933,-0.227
117.067,-0.927,-0.341
117.100,-0.927,-0.341
117.133,-0.927,-0.341
117.167,-0.927,-0.341
117.200,-0.920,-0.436
117.233,-0.920,-0.436
117.267,-0.916,-0.523
117.300,-0.916,-0.523
117.333,-0.916,-0.523
117.367,-0.916,1.282
117.400,-0.910,1.019
117.433,-0.910,1.019
117.467,-0.910,1.019
117.500,-0.906,0.785
117.533,-0.906,0.785
117.567,-0.901,0.572
117.600,-0.901,2.271
117.633,-0.901,2.271
117.667,-0.901,2.271
117.700,-0.901,2.271
117.733,-0.901,2.271
117.767,-0.895,1.907
117.800,-0.890,1.580
117.833,-0.890,1.580
117.867,-0.884,1.286
117.900,-0.884,1.286
117.933,-0.884,1.286
117.967,-0.883,1.026
118.000,-0.883,1.026
118.033,-0.880,0.788
118.067,-0.880,0.788
118.100,-0.880,0.788
118.133,-0.880,0.788
118.167,-0.875,0.571
118.200,-0.875,0.571
118.233,-0.869,0.379
118.267,-0.869,2.095
118.300,-0.869,1.750
118.333,-0.869,1.750
118.367,-0.869,1.750
118.400,-0.863,1.438
118.433,-0.861,1.158
118.467,-0.861,1.158
118.500,-0.861,1.158
118.533,-0.861,1.158
118.567,-0.861,2.802
118.600,-0.861,2.387
118.633,-0.861,2.387
118.667,-0.854,2.014
118.700,-0.854,2.014
118.733,-0.854,2.014
118.767,-0.854,3.574
118.800,-0.852,3.075
118.833,-0.852,3.075
118.867,-0.852,3.075
118.900,-0.855,2.631
118.933,-0.855,2.631
118.967,-0.855,2.631
119.000,-0.857,2.227
119.033,-0.857,2.227
119.067,-0.857,2.227
119.100,-0.857,2.227
119.133,-0.857,2.227
119.167,-0.858,1.865
119.200,-0.858,1.538
119.233,-0.861,1.245
119.267,-0.861,1.245
119.300,-0.867,0.981
119.333,-0.867,0.981
119.367,-0.873,0.744
119.400,-0.873,0.744
119.433,-0.873,2.451
119.467,-0.873,2.451
119.500,-0.873,2.451
119.533,-0.873,2.451
119.567,-0.873,2.451
119.600,-0.873,2.451
119.633,-0.873,4.030
119.667,-0.873,4.030
119.700,-0.873,4.030
119.733,-0.873,4.030
119.767,-0.880,3.488
119.800,-0.877,2.987
119.833,-0.877,2.987
119.867,-0.877,2.541
119.900,-0.877,2.541
119.933,-0.878,2.146
119.967,-0.876,1.784
120.000,-0.876,1.784
120.033,-0.876,1.784
120.067,-0.871,1.464
120.100,-0.871,1.464
120.133,-0.868,1.181
120.167,-0.868,1.181
120.200,-0.868,1.181
120.233,-0.868,1.181
120.267,-0.862,0.929
120.300,-0.857,0.702
120.333,-0.854,0.499
120.367,-0.855,0.319
120.400,-0.855,0.319
120.433,-0.850,0.149
120.467,-0.850,0.149
120.500,-0.850,0.149
120.533,-0.854,0.005
120.567,-0.857,-0.132
120.600,-0.861,-0.248
120.633,-0.861,-0.248
120.667,-0.861,-0.248
120.700,-0.861,-0.248
120.733,-0.863,-0.355
120.767,-0.871,-0.456
120.800,-0.871,1.437
120.833,-0.875,1.152
120.867,-0.875,1.152
120.900,-0.875,1.152
120.933,-0.880,0.890
120.967,-0.891,0.665
121.000,-0.895,0.456
121.033,-0.895,0.456
121.067,-0.895,0.456
121.100,-0.898,0.266
121.133,-0.898,0.266
121.167,-0.910,0.093
121.200,-0.923,-0.061
121.233,-0.928,-0.208
121.267,-0.928,-0.208
121.300,-0.928,-0.208
121.333,-0.928,-0.208
121.367,-0.928,1.715
121.400,-0.928,3.447
121.433,-0.928,3.447
121.467,-0.928,3.447
121.500,-0.928,3.447
121.533,-0.928,3.447
121.567,-0.928,3.447
121.600,-0.946,2.936
121.633,-0.957,2.471
121.667,-0.957,4.157
121.700,-0.957,5.680
121.733,-0.957,5.680
121.767,-0.969,4.937
121.800,-0.969,4.937
121.833,-0.969,4.937
121.867,-0.980,4.252
121.900,-0.988,3.625
121.933,-0.993,3.055
121.967,-0.993,3.055
122.000,-1.009,2.561
122.033,-1.017,2.110
122.067,-1.017,2.110
122.100,-1.025,1.703
122.133,-1.037,1.343
122.167,-1.046,1.009
122.200,-1.055,0.701
122.233,-1.057,0.420
122.267,-1.057,0.420
122.300,-1.067,0.166
122.333,-1.075,-0.062
122.367,-1.081,-0.274
122.400,-1.081,-0.274
122.433,-1.081,-0.274
122.467,-1.088,-0.466
122.500,-1.088,-0.466
122.533,-1.099,-0.635
122.567,-1.099,-0.635
122.600,-1.111,-0.795
122.633,-1.111,-0.795
122.667,-1.120,-0.937
122.700,-1.120,-0.937
122.733,-1.120,-0.937
122.767,-1.127,-1.060
122.800,-1.139,-1.173
122.833,-1.139,-1.173
122.867,-1.152,-1.278
122.900,-1.152,-1.278
122.933,-1.160,-1.383
122.967,-1.160,-1.383
123.000,-1.166,-1.473
123.033,-1.171,-1.555
123.067,-1.176,-1.617
123.100,-1.180,-1.682
123.133,-1.180,-1.682
123.167,-1.180,-1.682
123.200,-1.180,-1.682
123.233,-1.190,-1.747
123.267,-1.190,-1.813
123.300,-1.190,-1.813
123.333,-1.202,-1.861
123.367,-1.213,-1.914
123.400,-1.213,-1.914
123.433,-1.220,-1.957
123.467,-1.220,-1.957
123.500,-1.231,-2.002
123.533,-1.241,-2.038
123.567,-1.241,-2.038
123.600,-1.241,-2.038
123.633,-1.241,-2.038
123.667,-1.241,-2.038
123.700,-1.248,-2.078
123.733,-1.248,-2.078
123.767,-1.254,-2.120
123.800,-1.255,-2.161
123.833,-1.258,-2.190
123.867,-1.258,-2.190
123.900,-1.258,-2.190
123.933,-1.265,-2.216
123.967,-1.265,-2.216
124.000,-1.265,-2.216
124.033,-1.265,-2.216
124.067,-1.270,-2.240
124.100,-1.270,-2.240
124.133,-1.281,-2.263
124.167,-1.281,-2.263
124.200,-1.281,-2.263
124.233,-1.300,-2.282
124.267,-1.300,-2.282
124.300,-1.300,-2.282
124.333,-1.300,-2.282
124.367,-1.309,-2.303
124.400,-1.317,-2.326
124.433,-1.340,-2.339
124.467,-1.340,-2.339
124.500,-1.340,-2.339
124.533,-1.340,-2.367
124.567,-1.340,-2.367
124.600,-1.342,-2.386
124.633,-1.342,-2.386
124.667,-1.349,-2.415
124.700,-1.349,-2.415
124.733,-1.349,-2.415
124.767,-1.349,-2.415
124.800,-1.349,-2.415
124.833,-1.365,-2.439
124.867,-1.381,-2.472
124.900,-1.381,-2.472
124.933,-1.398,-2.491
124.967,-1.398,-2.491
125.000,-1.398,-2.491
125.033,-1.398,-2.491
125.067,-1.398,-2.491
125.100,-1.398,-2.491
125.133,-1.398,-2.491
125.167,-1.398,-2.491
125.200,-1.398,-2.491
125.233,-1.415,-2.538
125.267,-1.415,-2.538
125.300,-1.427,-2.576
125.333,-1.427,-2.576
125.367,-1.427,-2.576
125.400,-1.449,-2.617
125.433,-1.449,-2.617
125.467,-1.449,-2.617
125.500,-1.449,-2.617
125.533,-1.468,-2.663
125.567,-1.468,-2.663
125.600,-1.468,-2.663
125.633,-1.495,-2.699
125.667,-1.495,-2.699
125.700,-1.512,-2.748
125.733,-1.528,-2.792
125.767,-1.539,-2.831
125.800,-1.539,-2.831
125.833,-1.539,-2.831
125.867,-1.539,-2.831
125.900,-1.539,-2.831
125.933,-1.539,-2.831
125.967,-1.549,-2.876
126.000,-1.560,-2.913
126.033,-1.560,-2.913
126.067,-1.560,-2.913
126.100,-1.560,-2.913
126.133,-1.573,-2.961
126.167,-1.573,-2.961
126.200,-1.573,-2.961
126.233,-1.573,-2.961
126.267,-1.587,-3.026
126.300,-1.587,-3.026
126.333,-1.587,-3.026
126.367,-1.587,-3.026
126.400,-1.598,-3.085
126.433,-1.598,-3.085
126.467,-1.598,-3.085
126.500,-1.598,-3.085
126.533,-1.614,-3.137
126.567,-1.614,-3.137
126.600,-1.614,-3.137
126.633,-1.614,-3.137
126.667,-1.614,-3.137
126.700,-1.638,-3.200
126.733,-1.661,-3.255
126.767,-1.661,-3.255
126.800,-1.661,-3.255
126.833,-1.678,-3.303
126.867,-1.678,-3.303
126.900,-1.699,-3.353
126.933,-1.713,-3.397
126.967,-1.713,-3.397
127.000,-1.713,-3.397
127.033,-1.713,-3.397
127.067,-1.713,-3.397
127.100,-1.724,-3.430
127.133,-1.724,-3.430
127.167,-1.724,-3.430
127.200,-1.724,-3.430
127.233,-1.724,-3.430
127.267,-1.738,-3.456
127.300,-1.738,-3.456
127.333,-1.738,-3.456
127.367,-1.739,-3.481
127.400,-1.739,-3.481
127.433,-1.739,-3.481
127.467,-1.739,-3.481
127.500,-1.739,-3.481
127.533,-1.739,-3.481
127.567,-1.743,-3.486
127.600,-1.746,-3.485
127.633,-1.746,-3.485
127.667,-1.746,-3.485
127.700,-1.746,-3.485
127.733,-1.750,-3.484
127.767,-1.754,-3.482
127.800,-1.750,-3.480
127.833,-1.750,-3.480
127.867,-1.750,-3.480
127.900,-1.750,-3.480
127.933,-1.750,-3.480
127.967,-1.750,-3.480
128.000,-1.746,-3.458
128.033,-1.746,-3.458
128.067,-1.746,-3.458
128.100,-1.746,-3.458
128.133,-1.745,-3.433
128.167,-1.742,-3.415
128.200,-1.742,-3.415
128.233,-1.742,-3.415
128.267,-1.736,-3.394
128.300,-1.736,-3.394
128.333,-1.736,-3.394
128.367,-1.736,-3.394
128.400,-1.729,-3.363
128.433,-1.729,-3.363
128.467,-1.729,-3.363
128.500,-1.716,-3.333
128.533,-1.716,-3.333
128.567,-1.713,-3.302
128.600,-1.705,-3.275
128.633,-1.695,-3.253
128.667,-1.695,-3.253
128.700,-1.690,-3.235
128.733,-1.690,-3.235
128.767,-1.681,-3.217
128.800,-1.673,-3.205
128.833,-1.666,-3.187
128.867,-1.666,-3.187
128.900,-1.666,-3.187
128.933,-1.658,-3.173
128.967,-1.658,-3.173
129.000,-1.653,-3.152
129.033,-1.653,-3.152
129.067,-1.653,-3.152
129.100,-1.653,-3.152
129.133,-1.642,-3.124
129.167,-1.642,-3.124
129.200,-1.642,-3.124
129.233,-1.642,-3.124
129.267,-1.638,-3.099
129.300,-1.638,-3.099
129.333,-1.631,-3.069
129.367,-1.631,-3.069
129.400,-1.619,-3.043
129.433,-1.619,-3.043
129.467,-1.619,-3.043
129.500,-1.603,-3.011
129.533,-1.603,-3.011
129.567,-1.603,-3.011
129.600,-1.594,-2.973
129.633,-1.594,-2.973
129.667,-1.594,-2.973
129.700,-1.594,-2.973
129.733,-1.594,-2.973
129.767,-1.580,-2.935
129.800,-2.070,-2.855
129.833,-2.070,-2.855
129.867,-2.013,-2.828
129.900,-1.949,-2.804
129.933,-1.897,-2.773
129.967,-1.851,-2.745
130.000,-1.851,-2.745
130.033,-1.800,-2.714
130.067,-1.800,-2.714
130.100,-1.800,-2.714
130.133,-1.800,-2.714
130.167,-1.800,-2.714
130.200,-1.800,-2.714
130.233,-1.800,-2.714
130.267,-1.800,-2.714
130.300,-1.800,-2.714
130.333,-1.800,-2.714
130.367,-1.800,-2.714
130.400,-1.800,-2.714
130.433,-1.754,-2.675
130.467,-1.754,-2.675
130.500,-1.754,-2.675
130.533,-1.754,-2.675
130.567,-1.711,-2.631
130.600,-1.669,-2.586
130.633,-1.669,-2.586
130.667,-1.669,-2.586
130.700,-1.669,-2.586
130.733,-1.633,-2.549
130.767,-1.601,-2.520
130.800,-1.601,-2.520
130.833,-1.601,-2.520
130.867,-1.567,-2.479
130.900,-1.567,-2.479
130.933,-1.534,-2.438
130.967,-1.501,-2.395
131.000,-1.501,-2.395
131.033,-1.501,-2.395
131.067,-1.501,-2.395
131.100,-1.501,-2.395
131.133,-1.501,-2.395
131.167,-1.473,-2.348
131.200,-1.473,-2.348
131.233,-1.445,-2.300
131.267,-1.417,-2.254
131.300,-1.417,-2.254
131.333,-1.417,-2.254
131.367,-1.417,-2.254
131.400,-1.390,-2.210
131.433,-1.390,-2.210
131.467,-1.390,-2.210
131.500,-1.364,-2.159
131.533,-1.334,-2.109
131.567,-1.334,-2.109
131.600,-1.309,-2.056
131.633,-1.309,-2.056
131.667,-1.291,-2.005
131.700,-1.291,-2.005
131.733,-1.291,-2.005
131.767,-1.291,-2.005
131.800,-1.271,-1.960
131.833,-1.271,-1.960
131.867,-1.271,-1.960
131.900,-1.271,-1.960
131.933,-1.248,-1.910
131.967,-1.248,-1.910
132.000,-1.229,-1.856
132.033,-1.204,-1.804
132.067,-1.204,-1.804
132.100,-1.204,-1.804
132.133,-1.183,-1.751
132.167,-1.165,-1.698
132.200,-1.165,-1.698
132.233,-1.165,-1.698
132.267,-1.165,-1.698
132.300,-1.135,-1.643
132.333,-1.135,-1.643
132.367,-1.111,-1.586
132.400,-1.111,-1.586
132.433,-1.088,-1.530
132.467,-1.088,-1.530
132.500,-1.088,-1.530
132.533,-1.064,-1.467
132.567,-1.064,-1.467
132.600,-1.064,-1.467
132.633,-1.043,-1.402
132.667,-1.043,-1.402
132.700,-1.043,-1.402
132.733,-1.024,-1.344
132.767,-1.024,-1.344
132.800,-1.024,-1.344
132.833,-1.007,-1.294
132.867,-1.007,-1.294
132.900,-0.986,-1.247
132.933,-0.986,-1.247
132.967,-0.986,-1.247
133.000,-0.961,-1.196
133.033,-0.940,-1.144
133.067,-0.940,-1.144
133.100,-0.918,-1.100
133.133,-0.918,-1.100
133.167,-0.918,-1.100
133.200,-0.898,-1.058
133.233,-0.898,-1.058
133.267,-0.898,-1.058
133.300,-0.898,-1.058
133.333,-0.876,-1.000
133.367,-0.876,-1.000
133.400,-0.876,-1.000
133.433,-0.856,-0.941
133.467,-0.836,-0.888
133.500,-0.836,-0.888
133.533,-0.836,-0.888
133.567,-0.813,-0.832
133.600,-0.794,-0.779
133.633,-0.794,-0.779
133.667,-0.775,-0.728
133.700,-0.775,-0.728
133.733,-0.775,-0.728
133.767,-0.775,-0.728
133.800,-0.775,-0.728
133.833,-0.775,1.271
133.867,-0.763,1.107
133.900,-0.752,0.960
133.933,-0.752,0.960
133.967,-0.752,0.960
134.000,-0.752,0.960
134.033,-0.752,0.960
134.067,-0.752,0.960
134.100,-0.741,0.824
134.133,-0.732,0.701
134.167,-0.723,0.589
134.200,-0.723,0.589
134.233,-0.714,0.484
134.267,-0.711,0.388
134.300,-0.706,0.302
134.333,-1.373,0.342
134.367,-1.298,0.264
134.400,-1.230,0.193
134.433,-1.169,0.126
134.467,-1.169,2.004
134.500,-1.119,1.753
134.533,-1.119,3.464
134.567,-1.069,3.074
134.600,-1.069,3.074
134.633,-1.069,3.074
134.667,-1.069,3.074
134.700,-1.069,4.680
134.733,-1.030,4.152
134.767,-0.997,3.678
134.800,-0.997,3.678
134.833,-0.997,3.678
134.867,-0.971,3.250
134.900,-0.971,3.250
134.933,-0.971,3.250
134.967,-0.971,4.854
135.000,-0.971,4.854
135.033,-0.971,4.854
135.067,-0.951,4.306
135.100,-0.929,3.803
135.133,-0.913,3.351
135.167,-0.913,3.351
135.200,-0.903,2.939
135.233,-0.890,2.560
135.267,-0.890,2.560
135.300,-0.890,2.560
135.333,-0.880,2.218
135.367,-0.869,1.909
135.400,-0.862,1.632
135.433,-0.862,1.632
135.467,-0.862,1.632
135.500,-0.862,1.632
135.533,-0.862,3.441
135.567,-0.864,2.993
135.600,-0.864,2.993
135.633,-0.864,4.680
135.667,-0.864,4.680
135.700,-0.864,4.680
135.733,-0.864,4.680
135.767,-0.875,4.101
135.800,-0.875,4.101
135.833,-0.875,5.695
135.867,-0.875,5.695
135.900,-0.875,7.131
135.933,-0.882,6.299
135.967,-0.882,6.299
136.000,-0.882,6.299
136.033,-0.882,6.299
136.067,-0.882,6.299
136.100,-0.882,6.299
136.133,-0.882,6.564
136.167,-0.882,7.937
136.200,-0.897,7.011
136.233,-0.897,7.011
136.267,-0.906,6.173
136.300,-0.916,5.420
136.333,-0.924,4.739
136.367,-0.931,4.127
136.400,-0.938,3.574
136.433,-0.938,3.574
136.467,-0.938,3.687
136.500,-0.938,3.687
136.533,-0.949,3.162
136.567,-0.961,2.690
136.600,-0.972,2.258
136.633,-0.980,1.876
136.667,-0.994,1.537
136.700,-1.003,1.225
136.733,-1.003,1.225
136.767,-1.003,3.163
136.800,-1.016,2.685
136.833,-1.031,2.249
136.867,-1.031,2.249
136.900,-1.031,2.249
136.933,-1.031,2.249
136.967,-1.031,2.249
137.000,-1.031,2.249
137.033,-1.031,2.249
137.067,-1.043,1.848
137.100,-1.043,1.848
137.133,-1.043,1.848
137.167,-1.046,1.488
137.200,-1.046,1.488
137.233,-1.046,1.488
137.267,-1.058,1.167
137.300,-1.058,1.167
137.333,-1.058,1.167
137.367,-1.063,0.873
137.400,-1.063,0.873
137.433,-1.063,0.873
137.467,-1.063,0.873
137.500,-1.063,0.873
137.533,-1.072,0.608
137.567,-1.081,0.368
137.600,-1.081,0.368
137.633,-1.081,0.368
137.667,-1.096,0.141
137.700,-1.110,-0.067
137.733,-1.122,-0.247
137.767,-1.122,-0.247
137.800,-1.122,-0.247
137.833,-1.122,-0.247
137.867,-1.133,-0.414
137.900,-1.133,-0.414
137.933,-1.133,-0.414
137.967,-1.133,-0.414
138.000,-1.133,-0.414
138.033,-1.133,-0.414
138.067,-1.222,-0.630
138.100,-1.222,-0.630
138.133,-1.222,-0.630
138.167,-1.222,-0.630
138.200,-1.222,-0.630
138.233,-1.222,-0.630
138.267,-1.222,-0.630
138.300,-1.222,-0.630
138.333,-1.222,-0.630
138.367,-1.227,-0.775
138.400,-1.227,-0.775
138.433,-1.227,-0.775
138.467,-1.227,-0.775
138.500,-1.227,-0.775
138.533,-1.227,-0.775
138.567,-1.227,-0.775
138.600,-1.227,-0.775
138.633,-1.227,-0.775
138.667,-1.227,-0.775
138.700,-1.227,-0.775
138.733,-1.227,-0.775
138.767,-1.241,-0.913
138.800,-1.259,-1.044
138.833,-1.259,-1.044
138.867,-1.259,-1.044
138.900,-1.259,-1.044
138.933,-1.259,-1.044
138.967,-1.259,-1.044
139.000,-1.259,-1.044
139.033,-1.259,-1.044
139.067,-1.259,-1.044
139.100,-1.272,-1.174
139.133,-1.272,-1.174
139.167,-1.285,-1.287
139.200,-1.301,-1.393
139.233,-1.301,-1.393
139.267,-1.301,-1.393
139.300,-1.301,-1.393
139.333,-1.301,-1.393
139.367,-1.322,-1.497
139.400,-1.322,-1.497
139.433,-1.322,-1.497
139.467,-1.334,-1.589
139.500,-1.334,-1.589
139.533,-1.334,-1.589
139.567,-1.346,-1.675
139.600,-1.346,-1.675
139.633,-1.346,-1.675
139.667,-1.346,-1.675
139.700,-1.346,-1.675
139.733,-1.362,-1.757
139.767,-1.362,-1.757
139.800,-1.362,-1.757
139.833,-1.362,-1.757
139.867,-1.379,-1.851
139.900,-1.379,-1.851
139.933,-1.379,-1.851
139.967,-1.379,-1.851
140.000,-1.379,-1.851
140.033,-1.379,-1.851
140.067,-1.379,-1.851
140.100,-1.379,-1.851
140.133,-1.379,-1.851
140.167,-1.379,-1.851
140.200,-1.379,-1.851
140.233,-1.379,-1.851
140.267,-1.379,-1.851
140.300,-1.406,-1.956
140.333,-1.418,-2.106
140.367,-1.418,-2.106
140.400,-1.418,-2.106
140.433,-1.448,-2.176
140.467,-1.470,-2.246
140.500,-1.470,-2.246
140.533,-1.470,-2.246
140.567,-1.470,-2.246
140.600,-1.490,-2.316
140.633,-1.490,-2.316
140.667,-1.490,-2.316
140.700,-1.508,-2.384
140.733,-1.524,-2.448
140.767,-1.524,-2.448
140.800,-1.524,-2.448
140.833,-1.524,-2.448
140.867,-1.524,-2.448
140.900,-1.546,-2.503
140.933,-1.546,-2.503
140.967,-1.546,-2.503
141.000,-1.563,-2.557
141.033,-1.563,-2.557
141.067,-1.563,-2.557
141.100,-1.586,-2.607
141.133,-1.612,-2.654
141.167,-1.612,-2.654
141.200,-1.612,-2.654
141.233,-1.612,-2.654
141.267,-1.630,-2.696
141.300,-1.630,-2.696
141.333,-1.630,-2.696
141.367,-1.630,-2.696
141.400,-1.644,-2.752
141.433,-1.644,-2.752
141.467,-1.644,-2.752
141.500,-1.660,-2.799
141.533,-1.674,-2.846
141.567,-1.674,-2.846
141.600,-1.674,-2.846
141.633,-1.674,-2.846
141.667,-1.693,-2.888
141.700,-1.693,-2.888
141.733,-1.707,-2.930
141.767,-1.723,-2.966
141.800,-1.723,-2.966
141.833,-1.723,-2.966
141.867,-1.723,-2.966
141.900,-1.741,-3.010
141.933,-1.758,-3.044
141.967,-1.758,-3.044
142.000,-1.769,-3.078
142.033,-1.769,-3.078
142.067,-1.769,-3.078
142.100,-1.769,-3.078
142.133,-1.769,-3.078
142.167,-1.769,-3.078
142.200,-1.769,-3.078
142.233,-1.790,-3.105
142.267,-1.790,-3.105
142.300,-1.806,-3.136
142.333,-1.821,-3.163
142.367,-1.831,-3.194
142.400,-1.837,-3.225
142.433,-1.837,-3.225
142.467,-1.837,-3.225
142.500,-1.844,-3.254
142.533,-1.844,-3.254
142.567,-1.851,-3.281
142.600,-1.851,-3.281
142.633,-1.912,-3.244
142.667,-1.912,-3.244
142.700,-1.912,-3.244
142.733,-1.912,-3.244
142.767,-1.912,-3.244
142.800,-1.913,-3.257
142.833,-1.913,-3.257
142.867,-1.923,-3.257
142.900,-1.923,-3.257
142.933,-1.923,-3.257
142.967,-1.923,-3.257
143.000,-1.920,-3.269
143.033,-1.920,-3.269
143.067,-1.920,-3.269
143.100,-1.920,-3.269
143.133,-1.920,-3.269
143.167,-1.920,-3.269
143.200,-1.920,-3.269
143.233,-1.907,-3.291
143.267,-1.898,-3.308
143.300,-1.898,-3.308
143.333,-1.898,-3.308
143.367,-1.891,-3.322
143.400,-1.891,-3.322
143.433,-1.891,-3.322
143.467,-1.891,-3.322
143.500,-1.882,-3.336
143.533,-1.870,-3.348
143.567,-1.861,-3.362
143.600,-1.861,-3.362
143.633,-1.861,-3.362
143.667,-1.861,-3.362
143.700,-1.861,-3.362
143.733,-1.861,-3.362
143.767,-1.852,-3.368
143.800,-1.852,-3.368
143.833,-1.852,-3.368
143.867,-1.852,-3.368
143.900,-1.852,-3.368
143.933,-1.852,-3.368
143.967,-1.847,-3.372
144.000,-1.847,-3.372
144.033,-1.840,-3.375
144.067,-1.840,-3.375
144.100,-1.837,-3.378
144.133,-1.837,-3.378
144.167,-1.834,-3.385
144.200,-1.828,-3.392
144.233,-1.828,-3.392
144.267,-1.820,-3.395
144.300,-1.820,-3.395
144.333,-1.817,-3.393
144.367,-1.817,-3.393
144.400,-1.817,-3.393
144.433,-1.815,-3.395
144.467,-1.815,-3.395
144.500,-1.811,-3.390
144.533,-1.811,-3.390
144.567,-1.811,-3.390
144.600,-1.805,-3.385
144.633,-1.805,-3.385
144.667,-1.798,-3.381
144.700,-1.798,-3.381
144.733,-1.792,-3.373
144.767,-1.792,-3.373
144.800,-1.792,-3.355
144.833,-1.792,-3.355
144.867,-1.792,-3.355
144.900,-1.792,-3.355
144.933,-1.792,-3.355
144.967,-1.792,-3.355
145.000,-1.792,-3.355
145.033,-1.792,-3.355
145.067,-1.792,-3.355
145.100,-1.792,-3.355
145.133,-1.792,-3.355
145.167,-1.783,-3.325
145.200,-1.783,-3.325
145.233,-1.783,-3.325
145.267,-1.783,-3.325
145.300,-1.783,-3.325
145.333,-1.773,-3.301
145.367,-1.773,-3.301
145.400,-1.773,-3.301
145.433,-1.773,-3.301
145.467,-1.761,-3.270
145.500,-1.761,-3.270
145.533,-1.751,-3.240
145.567,-1.741,-3.212
145.600,-1.741,-3.212
145.633,-1.730,-3.190
145.667,-1.730,-3.190
145.700,-1.730,-3.190
145.733,-1.730,-3.190
145.767,-1.730,-3.190
145.800,-1.713,-3.156
145.833,-1.701,-3.131
145.867,-1.693,-3.100
145.900,-1.687,-3.069
145.933,-1.673,-3.043
145.967,-1.662,-3.017
146.000,-1.650,-2.989
146.033,-1.650,-2.989
146.067,-1.650,-2.989
146.100,-1.642,-2.957
146.133,-1.642,-2.957
146.167,-1.633,-2.932
146.200,-1.623,-2.910
146.233,-1.618,-2.884
146.267,-1.607,-2.860
146.300,-1.607,-2.860
146.333,-1.607,-2.860
146.367,-1.607,-2.860
146.400,-1.607,-2.860
146.433,-1.607,-2.860
146.467,-1.607,-2.860
146.500,-1.607,-2.860
146.533,-1.607,-2.860
146.567,-1.597,-2.825
146.600,-1.593,-2.793
146.633,-1.593,-2.793
146.667,-1.580,-2.768
146.700,-1.570,-2.745
146.733,-1.570,-2.745
146.767,-1.570,-2.745
146.800,-1.556,-2.719
146.833,-1.556,-2.719
146.867,-1.556,-2.719
146.900,-1.543,-2.687
146.933,-1.543,-2.687
146.967,-1.543,-2.687
147.000,-1.527,-2.657
147.033,-1.527,-2.657
147.067,-1.511,-2.630
147.100,-1.511,-2.630
147.133,-1.511,-2.630
147.167,-1.511,-2.630
147.200,-1.499,-2.596
147.233,-1.499,-2.596
147.267,-1.491,-2.559
147.300,-1.480,-2.531
147.333,-1.480,-2.531
147.367,-1.480,-2.531
147.400,-1.480,-2.531
147.433,-1.480,-2.531
147.467,-1.480,-2.531
147.500,-1.480,-2.531
147.533,-1.480,-2.531
147.567,-1.480,-2.531
147.600,-1.480,-2.531
147.633,-1.480,-2.531
147.667,-1.480,-2.531
147.700,-1.469,-2.487
147.733,-1.469,-2.487
147.767,-1.469,-2.487
147.800,-1.469,-2.487
147.833,-1.456,-2.447
147.867,-1.456,-2.447
147.900,-1.446,-2.411
147.933,-1.446,-2.411
147.967,-1.446,-2.411
148.000,-1.446,-2.411
148.033,-1.446,-2.411
148.067,-1.446,-2.411
148.100,-1.446,-2.411
148.133,-1.446,-2.411
148.167,-1.446,-2.411
148.200,-1.446,-2.411
148.233,-1.459,-2.392
148.267,-1.465,-2.373
148.300,-1.465,-2.373
148.333,-1.456,-2.356
148.367,-1.456,-2.356
148.400,-1.432,-2.335
148.433,-1.432,-2.335
148.467,-1.432,-2.335
148.500,-1.406,-2.281
148.533,-1.378,-2.228
148.567,-1.378,-2.228
148.600,-1.378,-2.228
148.633,-1.341,-2.146
148.667,-1.302,-2.067
148.700,-1.302,-2.067
148.733,-1.302,-2.067
148.767,-1.302,-2.067
148.800,-1.239,-1.966
148.833,-1.239,-1.966
148.867,-1.239,-1.966
148.900,-1.239,-1.966
148.933,-1.239,-1.966
148.967,-1.157,-1.825
149.000,-1.080,-1.687
149.033,-1.004,-1.559
149.067,-0.927,-1.433
149.100,-0.817,-1.433
149.133,-0.764,-1.227
149.167,-0.764,-1.227
149.200,-0.764,-1.227
149.233,-0.693,-1.081
149.267,-0.693,-1.081
149.300,-0.693,-1.081
149.333,-0.693,-1.081
149.367,-0.619,-0.945
149.400,-0.619,-0.945
149.433,-0.546,-0.814
149.467,-0.546,-0.814
149.500,-0.485,-0.702
149.533,-0.485,-0.702
149.567,-0.427,-0.600
149.600,-0.427,-0.600
149.633,-0.373,-0.512
149.667,-0.373,-0.512
149.700,-0.373,-0.512
149.733,-0.373,-0.512
149.767,-0.373,-0.512
149.800,-0.373,-0.512
149.833,-0.373,-0.512
149.867,-0.373,-0.512
149.900,-0.330,-0.433
149.933,-0.330,-0.433
149.967,-0.330,-0.433
150.000,-0.299,-0.354
150.033,-0.262,-0.301
150.067,-0.262,-0.301
150.100,-0.235,-0.252
150.133,-0.215,-0.203
150.167,-0.189,-0.161
150.200,-0.158,-0.130
150.233,-0.138,-0.105
150.267,-0.120,-0.086
150.300,-0.104,-0.068
150.333,-0.104,-0.068
150.367,-0.104,-0.068
150.400,-0.104,-0.068
150.433,-0.104,-0.068
150.467,-0.104,-0.068
150.500,-0.104,-0.068
150.533,-0.093,-0.053
150.567,-0.081,-0.044
150.600,-0.081,-0.044
150.633,-0.075,-0.039
150.667,-0.073,-0.022
150.700,-0.073,-0.022
150.733,-0.064,-0.014
150.767,-0.060,-0.005
150.800,-0.060,-0.005
150.833,-0.060,-0.005
150.867,-0.056,-0.001
150.900,-0.056,-0.001
150.933,-0.046,-0.000
150.967,-0.038,0.002
151.000,-0.038,0.002
151.033,-0.038,0.002
151.067,-0.047,-0.002
151.100,-0.047,-0.002
151.133,-0.047,-0.002
151.167,-0.047,-0.002
151.200,-0.047,-0.002
151.233,-0.050,0.001
151.267,-0.050,0.001
151.300,-0.050,0.001
151.333,-0.049,-0.020
151.367,-0.049,-0.020
151.400,-0.049,-0.020
151.433,-0.049,-0.020
151.467,-0.049,-0.020
151.500,-0.054,-0.032
151.533,-0.054,-0.032
151.567,-0.054,-0.032
151.600,-0.054,-0.032
151.633,-0.054,-0.032
151.667,-0.054,-0.032
151.700,-0.054,-0.032
151.733,-0.054,-0.032
151.767,-0.051,-0.045
151.800,-0.051,-0.045
151.833,-0.051,-0.045
151.867,-0.057,-0.065
151.900,-0.065,-0.074
151.933,-0.065,-0.074
151.967,-0.069,-0.089
152.000,-0.076,-0.105
152.033,-0.076,-0.105
152.067,-0.076,-0.105
152.100,-0.076,-0.105
152.133,-0.076,-0.105
152.167,-0.076,-0.105
152.200,-0.076,1.893
152.233,-0.076,1.893
152.267,-0.076,1.893
152.300,-0.076,1.893
152.333,-0.080,1.673
152.367,-0.080,1.673
152.400,-0.092,1.478
152.433,-0.099,1.297
152.467,-0.099,1.297
152.500,-0.099,1.297
152.533,-0.098,1.132
152.567,-0.098,1.132
152.600,-0.098,1.132
152.633,-0.098,1.132
152.667,-0.098,1.132
152.700,-0.121,0.997
152.733,-0.121,0.997
152.767,-0.121,0.997
152.800,-0.116,0.855
152.833,-0.115,0.732
152.867,-0.115,0.732
152.900,-0.120,0.616
152.933,-0.125,0.513
152.967,-0.124,0.415
153.000,-0.123,0.331
153.033,-0.123,0.331
153.067,-0.124,0.255
153.100,-0.125,0.188
153.133,-0.130,0.128
153.167,-0.130,0.128
153.200,-0.131,0.069
153.233,-0.131,0.069
153.267,-0.133,0.021
153.300,-0.133,0.021
153.333,-0.133,-0.019
153.367,-0.133,-0.019
153.400,-0.133,1.932
153.433,-0.133,1.932
153.467,-0.128,1.696
153.500,-0.134,1.489
153.533,-0.139,1.306
153.567,-0.139,1.306
153.600,-0.140,1.133
153.633,-0.140,1.133
153.667,-0.140,1.133
153.700,-0.140,1.133
153.733,-0.140,1.133
153.767,-0.142,0.973
153.800,-0.142,0.973
153.833,-0.142,0.973
153.867,-0.142,0.973
153.900,-0.145,0.827
153.933,-0.145,0.827
153.967,-0.145,0.827
154.000,-0.146,0.694
154.033,-0.146,0.694
154.067,-0.144,0.569
154.100,-0.145,0.459
154.133,-0.145,2.351
154.167,-0.145,2.351
154.200,-0.145,2.351
154.233,-0.145,2.351
154.267,-0.145,2.351
154.300,-0.148,2.071
154.333,-0.144,1.815
154.367,-0.144,1.815
154.400,-0.144,1.815
154.433,-0.144,1.815
154.467,-0.145,1.585
154.500,-0.143,1.373
154.533,-0.143,1.373
154.567,-0.143,3.139
154.600,-0.143,2.776
154.633,-0.143,4.405
154.667,-0.143,4.405
154.700,-0.143,4.405
154.733,-0.140,3.912
154.767,-0.137,3.469
154.800,-0.136,3.076
154.833,-0.142,2.726
154.867,-0.148,2.408
154.900,-0.148,2.408
154.933,-0.148,2.408
154.967,-0.144,2.106
155.000,-0.144,2.106
155.033,-0.144,2.106
155.067,-0.144,3.772
155.100,-0.144,3.772
155.133,-0.144,3.772
155.167,-0.144,3.772
155.200,-0.144,3.772
155.233,-0.144,3.772
155.267,-0.144,3.772
155.300,-0.143,3.345
155.333,-0.143,3.345
155.367,-0.143,3.345
155.400,-0.143,3.345
155.433,-0.143,3.345
155.467,-0.206,3.012
155.500,-0.206,3.012
155.533,-0.205,2.651
155.567,-0.200,2.316
155.600,-0.197,2.010
155.633,-0.202,1.744
155.667,-0.215,1.513
155.700,-0.215,1.513
155.733,-0.213,1.289
155.767,-0.214,1.090
155.800,-0.214,1.090
155.833,-0.214,1.090
155.867,-0.220,0.914
155.900,-0.221,0.750
155.933,-0.219,0.601
155.967,-0.219,0.601
156.000,-0.219,2.401
156.033,-0.222,2.093
156.067,-0.219,1.815
156.100,-0.218,1.564
156.133,-0.218,1.564
156.167,-0.218,1.564
156.200,-0.218,1.564
156.233,-0.218,1.564
156.267,-0.215,1.325
156.300,-0.212,1.111
156.333,-0.210,0.928
156.367,-0.210,0.928
156.400,-0.210,0.761
156.433,-0.210,2.520
156.467,-0.213,2.188
156.500,-0.210,1.889
156.533,-0.210,1.889
156.567,-0.210,1.889
156.600,-0.210,1.889
156.633,-0.207,1.626
156.667,-0.207,1.626
156.700,-0.207,1.626
156.733,-0.207,1.388
156.767,-0.207,1.388
156.800,-0.207,1.388
156.833,-0.207,1.388
156.867,-0.207,1.388
156.900,-0.207,1.388
156.933,-0.207,1.388
156.967,-0.207,1.388
157.000,-0.203,1.175
157.033,-0.203,1.175
157.067,-0.203,1.175
157.100,-0.199,0.981
157.133,-0.193,0.807
157.167,-0.193,0.807
157.200,-0.193,0.807
157.233,-0.191,0.647
157.267,-0.191,2.383
157.300,-0.191,2.383
157.333,-0.190,2.061
157.367,-0.182,1.769
157.400,-0.182,1.769
157.433,-0.182,1.769
157.467,-0.185,1.524
157.500,-0.185,1.524
157.533,-0.176,1.296
157.567,-0.166,1.087
157.600,-0.166,1.087
157.633,-0.166,1.087
157.667,-0.166,1.087
157.700,-0.166,2.740
157.733,-0.162,2.390
157.767,-0.162,2.390
157.800,-0.159,2.079
157.833,-0.159,3.628
157.867,-0.155,3.193
157.900,-0.155,3.193
157.933,-0.147,2.798
157.967,-0.147,2.798
158.000,-0.147,2.798
158.033,-0.148,2.447
158.067,-0.148,3.943
158.100,-0.148,3.943
158.133,-0.148,3.943
158.167,-0.148,3.943
158.200,-0.148,5.281
158.233,-0.142,4.679
158.267,-0.142,4.679
158.300,-0.142,4.679
158.333,-0.142,4.679
158.367,-0.139,4.149
158.400,-0.139,4.149
158.433,-0.134,3.673
158.467,-0.134,3.673
158.500,-0.122,3.233
158.533,-0.122,3.233
158.567,-0.113,2.845
158.600,-0.108,2.498
158.633,-0.108,2.498
158.667,-0.108,2.498
158.700,-0.108,2.498
158.733,-0.096,2.190
158.767,-0.096,2.190
158.800,-0.079,1.908
158.833,-0.064,1.654
158.867,-0.064,1.654
158.900,-0.050,1.431
158.933,-0.050,2.955
158.967,-0.050,2.955
159.000,-0.041,2.602
159.033,-0.041,2.602
159.067,-0.032,2.282
159.100,-0.023,1.996
159.133,-0.023,1.996
159.167,-0.015,1.738
159.200,-0.015,1.738
159.233,-0.015,1.738
159.267,-0.015,1.738
159.300,-0.015,3.224
159.333,-0.010,2.845
159.367,0.000,2.506
159.400,0.000,2.506
159.433,0.000,2.506
159.467,0.007,2.204
159.500,0.007,1.933
159.533,0.010,1.687
159.567,0.014,1.461
159.600,0.014,1.461
159.633,0.014,1.461
159.667,0.014,2.956
159.700,0.020,2.605
159.733,0.020,2.605
159.767,0.020,2.605
159.800,0.019,2.310
159.833,0.019,2.310
159.867,0.019,2.310
159.900,0.019,2.310
159.933,0.027,2.035
159.967,0.027,2.035
160.000,0.027,2.035
160.033,0.027,2.035
160.067,0.027,2.035
160.100,0.027,2.035
160.133,0.027,2.035
160.167,0.027,3.441
160.200,0.027,3.441
160.233,0.036,3.058
160.267,0.036,3.058
160.300,0.036,3.058
160.333,0.036,3.058
160.367,0.046,2.713
160.400,0.052,2.404
160.433,0.058,2.124
160.467,0.059,1.880
160.500,0.059,3.283
160.533,0.059,4.533
160.567,0.059,4.533
160.600,0.065,4.044
160.633,0.071,3.604
160.667,0.071,3.604
160.700,0.078,3.208
160.733,0.078,4.465
160.767,0.078,4.465
160.800,0.078,4.465
160.833,0.082,3.992
160.867,0.082,3.992
160.900,0.082,3.992
160.933,0.092,3.561
160.967,0.092,3.561
161.000,0.099,3.177
161.033,0.099,3.177
161.067,0.099,3.177
161.100,0.107,2.833
161.133,0.120,2.519
161.167,0.120,2.519
161.200,0.130,2.240
161.233,0.130,2.240
161.267,0.130,2.240
161.300,0.130,2.240
161.333,0.138,1.996
161.367,0.138,1.996
161.400,0.143,1.786
161.433,0.142,1.603
161.467,0.142,1.603
161.500,0.055,1.549
161.533,0.055,1.549
161.567,0.055,1.549
161.600,0.012,1.252
161.633,-0.067,1.094
161.667,-0.067,1.094
161.700,-0.067,2.697
161.733,-0.109,2.407
161.767,-0.109,2.407
161.800,-0.109,2.407
161.833,-0.109,2.407
161.867,-0.109,2.407
161.900,-0.109,2.407
161.933,-0.156,2.108
161.967,-0.156,2.108
162.000,-0.185,1.822
162.033,-0.213,1.565
162.067,-0.240,1.331
162.100,-0.240,1.331
162.133,-0.240,1.331
162.167,-0.240,1.331
162.200,-0.240,1.331
162.233,-0.269,1.118
162.267,-0.269,1.118
162.300,-0.269,1.118
162.333,-0.269,1.118
162.367,-0.269,1.118
162.400,-0.269,1.118
162.433,-0.292,0.937
162.467,-0.292,0.937
162.500,-0.292,0.937
162.533,-0.292,0.937
162.567,-0.292,0.937
162.600,-0.292,0.937
162.633,-0.292,0.937
162.667,-0.292,0.937
162.700,-0.302,0.776
162.733,-0.311,0.625
162.767,-0.311,0.625
162.800,-0.311,2.193
162.833,-0.321,1.908
162.867,-0.321,1.908
162.900,-0.327,1.658
162.933,-0.337,1.432
162.967,-0.337,1.432
163.000,-0.337,1.225
163.033,-0.341,1.040
163.067,-0.341,1.040
163.100,-0.336,0.887
163.133,-0.336,0.887
163.167,-0.338,0.750
163.200,-0.338,0.750
163.233,-0.338,0.750
163.267,-0.338,0.750
163.300,-0.339,0.633
163.333,-0.339,0.633
163.367,-0.339,0.633
163.400,-0.339,0.633
163.433,-0.337,0.528
163.467,-0.337,0.528
163.500,-0.337,0.528
163.533,-0.337,0.528
163.567,-0.337,0.528
163.600,-0.337,0.528
163.633,-0.337,0.528
163.667,-0.337,0.528
163.700,-0.332,0.452
163.733,-0.324,0.380
163.767,-0.324,0.380
163.800,-0.318,0.320
163.833,-0.311,0.266
163.867,-0.305,0.216
163.900,-0.299,0.167
163.933,-0.299,0.167
163.967,-0.299,0.167
164.000,-0.358,0.167
164.033,-0.358,0.167
164.067,-0.358,0.167
164.100,-0.358,0.167
164.133,-0.358,0.167
164.167,-0.340,0.153
164.200,-0.340,0.153
164.233,-0.327,0.132
164.267,-0.327,0.132
164.300,-0.327,0.132
164.333,-0.327,0.132
164.367,-0.315,0.112
164.400,-0.315,0.112
164.433,-0.315,0.112
164.467,-0.305,0.096
164.500,-0.291,0.089
164.533,-0.277,0.083
164.567,-0.277,0.083
164.600,-0.265,0.076
164.633,-0.265,1.593
164.667,-0.251,1.434
164.700,-0.242,1.294
164.733,-0.242,2.683
164.767,-0.242,2.683
164.800,-0.232,2.427
164.833,-0.226,2.197
164.867,-0.226,2.197
164.900,-0.221,1.988
164.933,-0.210,1.797
164.967,-0.210,3.128
165.000,-0.210,3.128
165.033,-0.210,3.128
165.067,-0.210,3.128
165.100,-0.195,2.836
165.133,-0.195,2.836
165.167,-0.184,2.591
165.200,-0.184,3.812
165.233,-0.170,3.475
165.267,-0.170,3.475
165.300,-0.170,3.475
165.333,-0.153,3.169
165.367,-0.153,3.169
165.400,-0.141,2.898
165.433,-0.141,2.898
165.467,-0.141,2.898
165.500,-0.129,2.665
165.533,-0.129,2.665
165.567,-0.129,2.665
165.600,-0.129,2.665
165.633,-0.112,2.455
165.667,-0.100,2.269
165.700,-0.090,2.099
165.733,-0.090,3.327
165.767,-0.090,3.327
165.800,-0.090,3.327
165.833,-0.069,3.081
165.867,-0.058,2.867
165.900,-0.058,2.867
165.933,-0.058,2.867
165.967,-0.058,2.867
166.000,-0.058,2.867
166.033,-0.051,2.673
166.067,-0.042,2.489
166.100,-0.035,2.324
166.133,-0.035,2.324
166.167,-0.035,2.324
166.200,-0.035,2.324
166.233,-0.035,2.324
166.267,-0.023,2.198
166.300,-0.023,2.198
166.333,-0.023,2.198
166.367,-0.023,2.198
166.400,-0.023,2.198
166.433,-0.023,3.367
166.467,-0.007,3.140
166.500,-0.007,3.140
166.533,-0.007,3.140
166.567,-0.007,3.140
166.600,0.010,2.943
166.633,0.025,2.772
166.667,0.025,2.772
166.700,0.036,2.623
166.733,0.036,2.623
166.767,0.036,2.623
166.800,0.036,2.623
166.833,0.036,2.623
166.867,0.036,2.623
166.900,0.036,2.623
166.933,0.036,2.623
166.967,0.036,2.623
167.000,0.053,2.505
167.033,0.053,2.505
167.067,0.053,2.505
167.100,0.072,2.391
167.133,0.072,2.391
167.167,0.072,2.391
167.200,0.072,2.391
167.233,0.072,2.391
167.267,0.072,2.391
167.300,0.085,2.298
167.333,0.085,3.434
167.367,0.085,3.434
167.400,0.103,3.233
167.433,0.103,3.233
167.467,0.123,3.049
167.500,0.123,3.049
167.533,0.123,3.049
167.567,0.123,3.049
167.600,0.135,2.888
167.633,0.135,2.888
167.667,0.149,2.745
167.700,0.161,2.620
167.733,0.161,2.620
167.767,0.161,2.620
167.800,0.176,2.510
167.833,0.196,2.413
167.867,0.196,2.413
167.900,0.196,2.413
167.933,0.196,2.413
167.967,0.209,2.328
168.000,0.209,2.328
168.033,0.223,2.260
168.067,0.237,2.206
168.100,0.241,2.164
168.133,0.241,2.164
168.167,0.249,2.120
168.200,0.260,2.074
168.233,0.266,2.037
168.267,0.274,2.001
168.300,0.282,1.967
168.333,0.282,1.967
168.367,0.289,1.937
168.400,0.289,3.072
168.433,0.293,2.934
168.467,0.298,2.810
168.500,0.298,2.810
168.533,0.301,2.697
168.567,0.305,2.597
168.600,0.305,3.669
168.633,0.305,3.669
168.667,0.305,3.669
168.700,0.312,3.467
168.733,0.312,3.467
168.767,0.312,3.467
168.800,0.312,3.467
168.833,0.318,3.286
168.867,0.318,3.286
168.900,0.318,3.286
168.933,0.318,3.286
168.967,0.318,3.286
169.000,0.318,3.286
169.033,0.323,3.125
169.067,0.323,3.125
169.100,0.323,3.125
169.133,0.323,3.125
169.167,0.323,3.125
169.200,0.328,2.985
169.233,0.328,2.985
169.267,0.328,4.004
169.300,0.328,4.004
169.333,0.328,4.004
169.367,0.338,3.777
169.400,0.345,3.575
169.433,0.345,3.575
169.467,0.345,3.575
169.500,0.345,3.575
169.533,0.345,3.575
169.567,0.350,3.393
169.600,0.350,3.393
169.633,0.358,3.227
169.667,0.358,3.227
169.700,0.358,3.227
169.733,0.358,3.227
169.767,0.363,3.079
169.800,0.363,4.093
169.833,0.363,4.093
169.867,0.365,3.859
169.900,0.365,3.859
169.933,0.369,3.645
169.967,0.369,3.645
170.000,0.369,3.645
170.033,0.371,3.456
170.067,0.371,4.445
170.100,0.377,4.173
170.133,0.384,3.928
170.167,0.384,3.928
170.200,0.384,3.928
170.233,0.384,3.928
170.267,0.390,3.709
170.300,0.390,3.709
170.333,0.390,3.709
170.367,0.390,3.709
170.400,0.390,3.709
170.433,0.390,3.709
170.467,0.390,3.709
170.500,0.390,3.709
170.533,0.390,3.709
170.567,0.389,3.517
170.600,0.378,3.354
170.633,0.378,3.354
170.667,0.391,3.189
170.700,0.398,3.041
170.733,0.398,3.041
170.767,0.398,2.920
170.800,0.398,2.920
170.833,0.398,2.920
170.867,0.410,2.805
170.900,0.419,2.699
170.933,0.419,2.699
170.967,0.424,2.616
171.000,0.431,2.540
171.033,0.431,2.540
171.067,0.436,2.475
171.100,0.441,2.409
171.133,0.441,2.409
171.167,0.441,2.409
171.200,0.441,2.409
171.233,0.448,2.348
171.267,0.448,3.486
171.300,0.448,3.486
171.333,0.448,3.486
171.367,0.446,3.308
171.400,0.446,3.308
171.433,0.449,3.146
171.467,0.449,3.146
171.500,0.449,3.146
171.533,0.449,3.146
171.567,0.450,2.999
171.600,0.450,2.999
171.633,0.450,2.999
171.667,0.449,2.860
171.700,0.449,2.860
171.733,0.443,2.735
171.767,0.443,2.735
171.800,0.440,2.610
171.833,0.440,2.610
171.867,0.440,2.610
171.900,0.434,2.498
171.933,0.434,2.498
171.967,0.430,2.396
172.000,0.430,2.396
172.033,0.430,2.396
172.067,0.430,2.396
172.100,0.425,2.299
172.133,0.421,2.212
172.167,0.417,2.131
172.200,0.408,2.058
172.233,0.408,2.058
172.267,0.408,2.058
172.300,0.403,1.983
172.333,0.403,1.983
172.367,0.403,1.983
172.400,0.403,1.983
172.433,0.403,1.983
172.467,0.403,1.983
172.500,0.403,1.983
172.533,0.395,1.916
172.567,0.395,1.916
172.600,0.388,1.852
172.633,0.388,1.852
172.667,0.384,1.790
172.700,0.384,1.790
172.733,0.384,1.743
172.767,0.384,1.743
172.800,0.387,1.704
172.833,0.387,1.704
172.867,0.387,1.704
172.900,0.387,1.704
172.933,0.387,1.704
172.967,0.387,1.704
173.000,0.386,1.667
173.033,0.386,1.667
173.067,0.385,1.627
173.100,0.387,1.592
173.133,0.385,1.562
173.167,0.385,1.562
173.200,0.385,1.562
173.233,0.385,1.562
173.267,0.385,1.562
173.300,0.385,1.562
173.333,0.385,1.562
173.367,0.385,1.562
173.400,0.389,1.523
173.433,0.394,1.490
173.467,0.394,1.490
173.500,0.394,1.490
173.533,0.394,2.821
173.567,0.394,2.821
173.600,0.393,2.662
173.633,0.395,2.514
173.667,0.395,2.514
173.700,0.395,2.514
173.733,0.395,2.514
173.767,0.395,3.753
173.800,0.398,3.487
173.833,0.398,3.487
173.867,0.398,3.487
173.900,0.398,3.487
173.933,0.398,3.487
173.967,0.400,3.243
174.000,0.400,3.243
174.033,0.397,3.025
174.067,0.397,3.025
174.100,0.397,2.832
174.133,0.400,2.651
174.167,0.400,2.651
174.200,0.399,2.482
174.233,0.399,2.482
174.267,0.399,2.482
174.300,0.399,2.482
174.333,0.399,2.482
174.367,0.399,2.482
174.400,0.399,2.482
174.433,0.396,2.322
174.467,0.396,2.322
174.500,0.388,2.172
174.533,0.388,2.172
174.567,0.387,2.041
174.600,0.387,3.368
174.633,0.387,4.566
174.667,0.387,4.566
174.700,0.383,4.196
174.733,0.383,4.196
174.767,0.383,4.196
174.800,0.384,3.860
174.833,0.384,3.550
174.867,0.379,3.268
174.900,0.377,3.011
174.933,0.377,3.011
174.967,0.377,3.011
175.000,0.377,3.011
175.033,0.377,3.011
175.067,0.377,3.011
175.100,0.377,3.011
175.133,0.373,2.772
175.167,0.373,2.772
175.200,0.373,2.772
175.233,0.373,2.772
175.267,0.372,2.557
175.300,0.372,2.557
175.333,0.378,2.363
175.367,0.378,2.363
175.400,0.362,2.187
175.433,0.362,2.187
175.467,0.359,2.024
175.500,0.359,2.024
175.533,0.355,1.881
175.567,0.355,1.881
175.600,0.355,1.881
175.633,0.338,1.749
175.667,0.338,1.749
175.700,0.338,1.749
175.733,0.337,1.622
175.767,0.337,1.622
175.800,0.337,1.622
175.833,0.330,1.511
175.867,0.330,1.511
175.900,0.317,1.391
175.933,0.304,1.286
175.967,0.304,1.286
176.000,0.292,1.185
176.033,0.292,1.185
176.067,0.292,1.185
176.100,0.292,1.185
176.133,0.276,1.093
176.167,0.276,1.093
176.200,0.276,1.093
176.233,0.276,1.093
176.267,0.276,1.093
176.300,0.276,1.093
176.333,0.276,1.093
176.367,0.251,1.007
176.400,0.234,0.912
176.433,0.227,0.829
176.467,0.227,0.829
176.500,0.221,0.759
176.533,0.221,0.759
176.567,0.221,0.759
176.600,0.221,0.759
176.633,0.221,0.759
176.667,0.221,0.759
176.700,0.221,0.759
176.733,0.221,0.759
176.767,0.221,0.759
176.800,0.221,0.759
176.833,0.221,0.759
176.867,0.199,0.662
176.900,0.199,0.662
176.933,0.199,0.662
176.967,0.199,0.662
177.000,0.170,0.557
177.033,0.170,0.557
177.067,0.152,0.456
177.100,0.152,2.134
177.133,0.152,2.134
177.167,0.152,2.134
177.200,0.152,2.134
177.233,0.135,1.871
177.267,0.135,1.871
177.300,0.118,1.637
177.333,0.118,3.201
177.367,0.096,2.831
177.400,0.096,2.831
177.433,0.096,2.831
177.467,0.096,4.305
177.500,0.096,4.305
177.533,0.096,4.305
177.567,0.073,3.815
177.600,0.073,3.815
177.633,0.073,3.815
177.667,0.048,3.369
177.700,0.048,3.369
177.733,0.022,2.975
177.767,0.022,2.975
177.800,0.022,2.975
177.833,0.022,2.975
177.867,0.022,2.975
177.900,0.022,2.975
177.933,0.022,2.975
177.967,0.022,2.975
178.000,0.007,2.621
178.033,-0.009,2.305
178.067,-0.009,2.305
178.100,-0.009,2.305
178.133,-0.009,2.305
178.167,-0.009,2.305
178.200,-0.021,2.021
178.233,-0.021,2.021
178.267,-0.021,2.021
178.300,-0.021,2.021
178.333,-0.028,1.773
178.367,-0.028,1.773
178.400,-0.028,1.773
178.433,-0.028,1.773
178.467,-0.042,1.553
178.500,-0.042,1.553
178.533,-0.042,1.553
178.567,-0.048,1.357
178.600,-0.048,1.357
178.633,-0.048,1.357
178.667,-0.048,1.357
178.700,-0.053,1.200
178.733,-0.053,1.200
178.767,-0.053,1.200
178.800,-0.053,1.200
178.833,-0.053,1.200
178.867,-0.054,1.063
178.900,-0.054,1.063
178.933,-0.054,1.063
178.967,-0.050,0.938
179.000,-0.047,0.827
179.033,-0.047,0.827
179.067,-0.044,0.738
179.100,-0.044,2.430
179.133,-0.044,2.430
179.167,-0.045,2.174
179.200,-0.045,3.715
179.233,-0.039,3.348
179.267,-0.033,3.013
179.300,-0.033,2.711
179.333,-0.027,2.439
179.367,-0.022,2.195
179.400,-0.022,2.195
179.433,-0.022,3.745
179.467,-0.022,3.745
179.500,-0.019,3.373
179.533,-0.019,3.373
179.567,-0.015,3.038
179.600,-0.015,3.038
179.633,-0.015,3.038
179.667,-0.006,2.748
179.700,-0.006,2.748
179.733,-0.258,2.412
179.767,-0.227,2.187
179.800,-0.227,2.187
179.833,-0.202,1.984
179.867,-0.202,1.984
179.900,-0.118,1.696
179.933,-0.118,1.696
179.967,-0.118,1.696
180.000,-0.118,1.696
180.033,-0.097,1.552
180.067,-0.097,1.552
180.100,-0.080,1.423
180.133,-0.080,1.423
180.167,-0.080,1.423
180.200,-0.080,1.423
180.233,-0.063,1.307
180.267,-0.049,1.208
180.300,-0.049,2.846
180.333,-0.049,2.846
180.367,-0.049,2.846
180.400,-0.049,2.846
180.433,-0.049,2.846
180.467,-0.032,2.605
180.500,-0.032,2.605
180.533,-0.032,2.605
180.567,-0.032,4.091
180.600,-0.032,4.091
180.633,-0.032,5.423
180.667,-0.015,4.932
180.700,0.004,4.493
180.733,0.004,5.777
180.767,0.021,5.260
180.800,0.034,4.795
180.833,0.034,4.795
180.867,0.034,4.795
180.900,0.048,4.373
180.933,0.048,5.679
180.967,0.048,5.679
181.000,0.056,5.172
181.033,0.066,4.715
181.067,0.066,4.715
181.100,0.082,4.309
181.133,0.082,4.309
181.167,0.082,4.309
181.200,0.087,3.959
181.233,0.094,3.637
181.267,0.094,3.637
181.300,0.094,3.637
181.333,0.094,3.637
181.367,0.094,3.637
181.400,0.094,3.637
181.433,0.094,3.637
181.467,0.104,3.354
181.500,0.116,3.093
181.533,0.130,2.860
181.567,0.147,2.658
181.600,0.147,2.658
181.633,0.160,2.487
181.667,0.160,2.487
181.700,0.173,2.334
181.733,0.173,2.334
181.767,0.173,2.334
181.800,0.192,2.202
181.833,0.192,3.673
181.867,0.207,3.415
181.900,0.207,3.415
181.933,0.207,3.415
181.967,0.207,3.415
182.000,0.207,3.415
182.033,0.226,3.193
182.067,0.226,3.193
182.100,0.226,3.193
182.133,0.226,3.193
182.167,0.226,3.193
182.200,0.251,3.004
182.233,0.274,2.830
182.267,0.171,2.830
182.300,0.204,2.672
182.333,0.204,2.672
182.367,0.204,2.672
182.400,0.204,4.056
182.433,0.204,4.056
182.467,0.204,5.285
182.500,0.204,5.285
182.533,0.240,4.901
182.567,0.240,4.901
182.600,0.240,6.034
182.633,0.240,6.034
182.667,0.240,6.034
182.700,0.240,6.034
182.733,0.240,6.034
182.767,0.273,5.586
182.800,0.301,5.182
182.833,0.330,4.831
182.867,0.330,4.831
182.900,0.330,4.831
182.933,0.330,4.831
182.967,-0.481,4.831
183.000,-0.481,5.936
183.033,-0.481,5.936
183.067,-0.367,5.526
183.100,-0.263,5.153
183.133,-0.173,4.815
183.167,-0.173,4.815
183.200,-0.173,4.815
183.233,-0.173,4.815
183.267,-0.173,4.815
183.300,-0.173,4.815
183.333,-0.173,5.911
183.367,-0.173,5.911
183.400,-0.173,5.911
183.433,-0.085,5.522
183.467,-0.008,5.182
183.500,0.067,4.875
183.533,0.139,4.600
183.567,0.203,4.362
183.600,0.203,4.362
183.633,0.265,4.143
183.667,0.326,3.953
183.700,0.374,3.786
183.733,0.418,3.626
183.767,0.451,3.493
183.800,0.451,3.493
183.833,0.491,3.378
183.867,0.491,3.378
183.900,0.491,3.378
183.933,0.491,3.378
183.967,0.491,3.378
184.000,0.491,3.378
184.033,0.528,3.282
184.067,0.528,3.282
184.100,0.528,3.282
184.133,0.561,3.201
184.167,0.561,3.201
184.200,0.592,3.133
184.233,0.592,3.133
184.267,0.592,3.133
184.300,0.592,3.133
184.333,0.592,3.133
184.367,0.592,3.133
184.400,0.631,3.086
184.433,0.631,3.086
184.467,0.659,3.052
184.500,0.659,3.052
184.533,0.659,3.052
184.567,0.659,3.052
184.600,0.659,3.052
184.633,0.659,4.238
184.667,0.695,4.102
184.700,0.695,4.102
184.733,0.723,3.970
184.767,0.723,5.026
184.800,0.723,5.026
184.833,0.723,5.026
184.867,0.723,5.026
184.900,0.742,4.803
184.933,0.742,4.803
184.967,0.742,4.803
185.000,0.742,4.803
185.033,0.767,4.598
185.067,0.767,4.598
185.100,0.767,4.598
185.133,0.787,4.412
185.167,0.787,4.412
185.200,0.804,4.245
185.233,0.822,4.095
185.267,0.822,4.095
185.300,0.822,4.095
185.333,0.822,4.095
185.367,0.832,3.960
185.400,0.849,3.832
185.433,0.849,3.832
185.467,0.860,3.718
185.500,0.870,3.613
185.533,0.870,3.613
185.567,0.870,3.613
185.600,0.870,3.613
185.633,0.870,3.613
185.667,0.870,3.613
185.700,0.870,3.613
185.733,0.882,3.508
185.767,0.882,3.508
185.800,0.882,3.508
185.833,0.882,4.623
185.867,0.885,4.424
185.900,0.888,4.239
185.933,0.888,4.239
185.967,0.890,4.066
186.000,0.890,4.066
186.033,0.893,3.910
186.067,0.893,3.910
186.100,0.893,3.910
186.133,0.893,3.910
186.167,0.893,3.910
186.200,0.893,5.001
186.233,0.897,4.743
186.267,0.896,4.506
186.300,0.896,4.506
186.333,0.896,4.506
186.367,0.892,4.280
186.400,0.892,4.280
186.433,0.889,4.085
186.467,0.889,4.085
186.500,0.889,4.085
186.533,0.889,3.900
186.567,0.886,3.730
186.600,0.885,3.574
186.633,0.883,3.436
186.667,0.883,3.436
186.700,0.881,3.301
186.733,0.881,3.301
186.767,0.881,4.489
186.800,0.881,4.241
186.833,0.881,4.241
186.867,0.879,4.018
186.900,0.873,3.816
186.933,0.873,3.816
186.967,0.871,3.634
187.000,0.870,3.466
187.033,0.868,3.313
187.067,0.868,3.313
187.100,0.868,3.313
187.133,0.858,3.172
187.167,0.858,3.172
187.200,0.858,3.745
187.233,0.858,3.745
187.267,0.858,3.745
187.300,0.858,3.745
187.333,0.858,4.897
187.367,0.848,4.594
187.400,0.848,4.594
187.433,0.848,4.594
187.467,0.848,4.594
187.500,0.841,4.311
187.533,0.839,4.050
187.567,0.835,3.822
187.600,0.835,3.822
187.633,0.837,3.616
187.667,0.843,3.430
187.700,0.847,3.262
187.733,0.847,3.262
187.767,0.847,3.262
187.800,0.847,4.492
187.833,0.844,4.218
187.867,0.786,3.917
187.900,0.794,3.694
187.933,0.797,3.493
187.967,0.797,3.493
188.000,0.797,3.493
188.033,0.797,3.493
188.067,0.803,3.307
188.100,0.803,4.542
188.133,0.805,4.259
188.167,0.805,4.259
188.200,0.807,3.995
188.233,0.806,3.760
188.267,0.806,3.760
188.300,0.806,4.966
188.333,0.806,4.966
188.367,0.806,4.966
188.400,0.806,4.966
188.433,0.806,4.966
188.467,0.794,4.623
188.500,0.794,4.623
188.533,0.794,4.623
188.567,0.794,4.623
188.600,0.794,4.623
188.633,0.788,4.304
188.667,0.781,4.023
188.700,0.781,4.023
188.733,0.781,4.023
188.767,0.781,4.023
188.800,0.781,4.023
188.833,0.764,3.765
188.867,0.764,3.765
188.900,0.751,3.534
188.933,0.751,3.534
188.967,0.750,3.325
189.000,0.749,3.131
189.033,0.745,2.953
189.067,0.745,2.953
189.100,0.745,2.953
189.133,0.745,2.953
189.167,0.745,2.953
189.200,0.745,2.953
189.233,0.739,2.781
189.267,0.741,2.627
189.300,0.741,2.627
189.333,0.738,2.488
189.367,0.732,2.362
189.400,0.731,2.251
189.433,0.731,2.251
189.467,0.731,2.251
189.500,0.731,2.251
189.533,0.726,2.149
189.567,0.726,2.149
189.600,0.727,2.043
189.633,0.727,1.951
189.667,0.727,1.951
189.700,0.727,1.951
189.733,0.727,1.951
189.767,0.724,1.856
189.800,0.724,1.856
189.833,0.724,3.356
189.867,0.713,3.116
189.900,0.713,3.116
189.933,0.713,3.116
189.967,0.705,2.894
190.000,0.705,2.894
190.033,0.705,2.894
190.067,0.691,2.683
190.100,0.685,2.485
190.133,0.675,2.308
190.167,0.665,2.151
190.200,0.665,2.151
190.233,0.665,2.151
190.267,0.665,2.151
190.300,0.657,2.002
190.333,0.657,2.002
190.367,0.657,2.002
190.400,0.645,1.867
190.433,0.635,1.740
190.467,0.635,1.631
190.500,0.635,1.631
190.533,0.635,1.631
190.567,0.635,1.631
190.600,0.614,1.541
190.633,0.614,1.541
190.667,0.614,1.541
190.700,0.607,1.454
190.733,0.607,1.454
190.767,0.589,1.354
190.800,0.589,1.354
190.833,0.589,1.354
190.867,0.589,1.354
190.900,0.589,1.354
190.933,0.589,3.029
190.967,0.589,3.029
191.000,0.589,3.029
191.033,0.589,3.029
191.067,0.589,4.538
191.100,0.589,4.538
191.133,0.568,4.108
191.167,0.546,3.723
191.200,0.546,3.723
191.233,0.546,3.723
191.267,0.523,3.378
191.300,0.503,3.066
191.333,0.503,3.066
191.367,0.482,2.781
191.400,0.482,2.781
191.433,0.482,4.317
191.467,0.482,4.317
191.500,0.463,3.899
191.533,0.463,5.316
191.567,0.463,5.316
191.600,0.445,4.796
191.633,0.445,4.796
191.667,0.445,4.796
191.700,0.445,4.796
191.733,0.445,4.796
191.767,0.419,4.325
191.800,0.419,5.707
191.833,0.419,5.707
191.867,0.419,6.953
191.900,0.397,6.261
191.933,0.377,5.640
191.967,0.377,6.894
192.000,0.356,6.205
192.033,0.356,6.205
192.067,0.356,6.205
192.100,0.339,5.579
192.133,0.339,5.579
192.167,0.339,5.579
192.200,0.339,5.579
192.233,0.339,5.579
192.267,0.339,6.840
192.300,0.339,7.983
192.333,0.339,7.983
192.367,0.339,9.010
192.400,0.312,8.105
192.433,0.287,7.292
192.467,0.268,6.557
192.500,0.251,5.893
192.533,0.238,5.295
192.567,0.230,4.755
192.600,0.219,4.266
192.633,0.208,3.829
192.667,0.208,3.829
192.700,0.208,3.829
192.733,0.201,3.430
192.767,0.183,3.081
192.800,0.183,3.081
192.833,0.183,3.081
192.867,0.177,2.752
192.900,0.177,2.752
192.933,0.177,2.752
192.967,0.177,2.752
193.000,0.177,2.752
193.033,0.171,2.454
193.067,0.165,2.184
193.100,0.165,2.184
193.133,0.165,2.184
193.167,0.159,1.938
193.200,0.148,1.721
193.233,0.148,1.721
193.267,0.148,1.721
193.300,0.148,1.721
193.333,0.148,1.721
193.367,0.148,1.721
193.400,0.148,1.721
193.433,0.148,1.721
193.467,0.148,1.721
193.500,0.148,1.721
193.533,0.148,3.335
193.567,0.093,3.027
193.600,0.093,3.027
193.633,0.068,2.724
193.667,0.062,2.428
193.700,0.062,2.428
193.733,0.062,2.428
193.767,0.062,4.012
193.800,0.056,3.580
193.833,0.054,3.188
193.867,0.045,2.849
193.900,0.045,2.849
193.933,0.045,2.849
193.967,0.045,2.849
194.000,0.045,2.849
194.033,0.040,2.536
194.067,0.033,2.257
194.100,0.033,3.857
194.133,0.033,3.857
194.167,0.033,3.857
194.200,0.032,3.444
194.233,0.033,3.068
194.267,0.033,3.068
194.300,0.033,3.068
194.333,0.033,4.577
194.367,0.033,4.577
194.400,0.037,4.090
194.433,0.043,3.649
194.467,0.043,3.649
194.500,0.049,3.252
194.533,0.049,3.252
194.567,0.049,3.252
194.600,0.049,3.252
194.633,0.049,3.252
194.667,0.049,3.252
194.700,0.050,2.900
194.733,0.050,2.900
194.767,0.050,2.900
194.800,0.050,2.900
194.833,0.050,2.900
194.867,0.050,2.900
194.900,0.050,4.414
194.933,0.050,4.414
194.967,0.050,4.414
195.000,0.056,3.945
195.033,0.056,3.945
195.067,0.056,5.362
195.100,0.056,4.800
195.133,0.056,6.135
195.167,0.056,6.135
195.200,0.056,6.135
195.233,0.056,6.135
195.267,0.056,6.135
195.300,0.056,6.135
195.333,0.056,6.135
195.367,0.056,6.135
195.400,0.056,6.135
195.433,0.056,6.135
195.467,0.066,5.500
195.500,0.066,5.500
195.533,0.069,4.932
195.567,0.072,4.420
195.600,0.072,4.420
195.633,0.072,4.420
195.667,0.079,3.958
195.700,0.087,3.543
195.733,0.087,3.543
195.767,0.087,3.543
195.800,0.087,3.543
195.833,0.087,3.543
195.867,0.087,3.543
195.900,0.099,3.180
195.933,0.109,2.861
195.967,0.109,4.381
196.000,0.109,4.381
196.033,0.120,3.940
196.067,0.120,3.940
196.100,0.120,3.940
196.133,0.120,5.348
196.167,0.120,5.348
196.200,0.120,5.348
196.233,0.133,4.812
196.267,0.133,4.812
196.300,0.133,4.812
196.333,0.133,4.812
196.367,0.133,4.812
196.400,0.147,4.335
196.433,0.123,4.335
196.467,0.139,3.909
196.500,0.139,5.308
196.533,0.139,5.308
196.567,0.139,5.308
196.600,0.139,5.308
196.633,0.139,6.563
196.667,0.163,5.925
196.700,0.184,5.351
196.733,0.184,5.351
196.767,0.201,4.835
196.800,0.216,4.372
196.833,0.236,3.958
196.867,0.248,3.593
196.900,0.248,3.593
196.933,0.266,3.265
196.967,0.266,3.265
197.000,0.266,4.725
197.033,0.284,4.292
197.067,0.284,4.292
197.100,0.284,4.292
197.133,0.298,3.900
197.167,0.298,3.900
197.200,0.298,3.900
197.233,0.298,3.900
197.267,0.298,3.900
197.300,0.298,3.900
197.333,0.298,3.900
197.367,0.298,3.900
197.400,0.315,3.555
197.433,0.315,3.555
197.467,0.331,3.242
197.500,0.347,2.961
197.533,0.347,4.451
197.567,0.362,4.053
197.600,0.377,3.697
197.633,0.388,3.383
197.667,0.388,3.383
197.700,0.388,3.383
197.733,0.401,3.097
197.767,0.401,3.097
197.800,0.414,2.843
197.833,0.414,2.843
197.867,0.414,2.843
197.900,0.414,2.843
197.933,0.414,2.843
197.967,0.429,2.627
198.000,0.438,2.434
198.033,0.438,2.434
198.067,0.438,2.434
198.100,0.438,2.434
198.133,0.438,2.434
198.167,0.454,2.261
198.200,0.454,2.261
198.233,0.467,2.110
198.267,0.479,1.977
198.300,0.493,1.856
198.333,0.493,1.856
198.367,0.493,1.856
198.400,0.493,1.856
198.433,0.506,1.758
198.467,0.522,1.673
198.500,0.522,1.673
198.533,0.522,1.673
198.567,0.522,1.673
198.600,0.535,1.603
198.633,0.535,1.603
198.667,0.535,1.603
198.700,0.535,1.603
198.733,0.551,1.529
198.767,0.562,1.472
198.800,0.574,1.419
198.833,0.574,1.419
198.867,0.574,1.419
198.900,0.574,1.419
198.933,0.574,1.419
198.967,0.574,2.840
199.000,0.756,2.477
199.033,0.756,2.477
199.067,0.756,2.477
199.100,0.722,2.328
199.133,0.722,2.328
199.167,0.704,2.189
199.200,0.704,2.189
199.233,0.704,2.189
199.267,0.704,2.189
199.300,0.704,2.189
199.333,0.704,2.189
199.367,0.714,2.102
199.400,0.729,2.035
199.433,0.729,2.035
199.467,0.729,2.035
199.500,0.762,2.003
199.533,0.762,2.003
199.567,0.804,1.994
199.600,0.804,1.994
199.633,0.804,1.994
199.667,0.804,1.994
199.700,0.865,2.022
199.733,0.865,3.511
199.767,0.865,4.841
199.800,0.865,4.841
199.833,0.865,4.841
199.867,0.865,4.841
199.900,0.965,4.641
199.933,1.063,4.473
199.967,1.063,5.621
200.000,1.063,5.621
200.033,1.063,5.621
200.067,1.162,5.396
200.100,1.162,5.396
200.133,1.253,5.185
200.167,1.334,4.997
200.200,1.409,4.832
200.233,1.474,4.692
200.267,1.474,4.692
200.300,1.533,4.560
200.333,1.587,4.440
200.367,1.587,4.440
200.400,1.587,4.440
200.433,1.587,4.440
200.467,1.638,4.334
200.500,1.683,4.239
200.533,1.725,4.152
200.567,1.725,4.152
200.600,1.725,4.152
200.633,1.725,5.324
200.667,1.725,5.324
200.700,1.725,5.324
200.733,1.762,5.127
200.767,1.762,5.127
200.800,1.762,6.198
200.833,1.762,6.198
200.867,1.791,5.903
200.900,1.791,5.903
200.933,1.791,6.898
200.967,1.791,6.898
201.000,1.816,6.534
201.033,1.834,6.209
201.067,1.834,6.209
201.100,1.834,6.209
201.133,1.834,6.209
201.167,1.852,5.907
201.200,1.852,6.902
201.233,1.873,6.534
201.267,1.893,6.198
201.300,1.893,6.198
201.333,1.900,5.895
201.367,1.900,5.895
201.400,1.900,5.895
201.433,1.910,5.614
201.467,1.922,5.368
201.500,1.922,5.368
201.533,1.922,5.368
201.567,1.922,5.368
201.600,1.922,5.368
201.633,1.922,5.368
201.667,1.936,5.141
201.700,1.936,5.141
201.733,1.936,5.141
201.767,1.936,6.203
201.800,1.936,7.153
201.833,1.942,6.744
201.867,1.942,6.744
201.900,1.942,6.744
201.933,1.942,6.744
201.967,1.942,6.744
202.000,1.943,6.382
202.033,1.943,6.382
202.067,1.943,7.317
202.100,1.943,7.317
202.133,1.944,6.892
202.167,1.944,6.892
202.200,1.944,6.892
202.233,1.944,6.892
202.267,1.944,6.892
202.300,1.939,6.507
202.333,1.941,6.156
202.367,1.941,6.156
202.400,1.941,6.156
202.433,1.941,6.156
202.467,1.937,5.834
202.500,1.937,6.818
202.533,1.937,6.818
202.567,1.937,6.818
202.600,1.930,6.431
202.633,1.925,6.072
202.667,1.925,6.072
202.700,1.923,5.755
202.733,1.923,5.755
202.767,1.917,5.474
202.800,1.917,5.474
202.833,1.917,5.474
202.867,1.917,5.474
202.900,1.917,5.474
202.933,1.917,5.474
202.967,1.917,5.474
203.000,1.917,5.474
203.033,1.917,5.474
203.067,1.917,5.474
203.100,1.904,5.216
203.133,1.904,5.216
203.167,1.906,4.976
203.200,1.904,4.759
203.233,1.904,5.808
203.267,1.897,5.511
203.300,1.897,5.511
203.333,1.897,5.511
203.367,1.897,5.511
203.400,1.893,5.233
203.433,1.893,5.233
203.467,1.893,5.233
203.500,1.891,4.986
203.533,1.893,4.759
203.567,1.893,4.562
203.600,1.890,4.386
203.633,1.890,4.386
203.667,1.890,4.386
203.700,1.890,4.386
203.733,1.890,4.386
203.767,1.879,4.231
203.800,1.875,4.085
203.833,1.871,3.953
203.867,1.871,3.953
203.900,1.868,3.836
203.933,1.868,3.836
203.967,1.868,3.836
204.000,1.860,3.735
204.033,1.847,3.651
204.067,1.837,3.572
204.100,1.837,3.572
204.133,1.838,3.490
204.167,1.838,3.490
204.200,1.834,3.422
204.233,1.834,3.422
204.267,1.834,3.422
204.300,1.834,4.558
204.333,1.838,4.383
204.367,1.837,4.225
204.400,1.837,4.225
204.433,1.837,4.225
204.467,1.837,4.225
204.500,1.840,4.084
204.533,1.840,4.084
204.567,1.841,3.959
204.600,1.846,3.844
204.633,1.846,3.844
204.667,1.846,3.844
204.700,1.846,3.746
204.733,1.846,3.746
204.767,1.846,3.746
204.800,1.847,3.653
204.833,1.847,3.653
204.867,1.843,3.573
204.900,1.846,3.492
204.933,1.846,3.492
204.967,1.847,3.421
205.000,1.847,4.535
205.033,1.847,4.535
205.067,1.847,5.535
205.100,1.839,5.261
205.133,1.839,5.261
205.167,1.839,5.261
205.200,1.839,5.261
205.233,1.839,5.261
205.267,1.839,5.261
205.300,1.842,5.003
205.333,1.838,4.774
205.367,1.838,4.774
205.400,1.838,4.774
205.433,1.838,4.774
205.467,1.832,4.574
205.500,1.828,4.393
205.533,1.828,4.393
205.567,1.828,4.393
205.600,1.825,4.230
205.633,1.825,4.230
205.667,1.825,4.230
205.700,1.825,5.220
205.733,1.825,4.977
205.767,1.825,4.977
205.800,1.825,4.977
205.833,1.825,4.977
205.867,1.825,4.977
205.900,1.825,4.977
205.933,1.841,4.741
205.967,1.836,4.545
206.000,1.836,5.489
206.033,1.836,5.489
206.067,1.836,5.489
206.100,1.835,5.217
206.133,1.835,5.217
206.167,1.835,5.217
206.200,1.835,5.217
206.233,1.835,5.217
206.267,1.835,5.217
206.300,1.825,4.952
206.333,1.825,4.952
206.367,1.825,4.952
206.400,1.825,4.952
206.433,1.825,4.952
206.467,1.825,4.952
206.500,1.814,4.715
206.533,1.808,4.497
206.567,1.808,4.497
206.600,1.808,4.497
206.633,1.808,4.497
206.667,1.808,4.497
206.700,1.801,4.307
206.733,1.798,4.133
206.767,1.790,3.978
206.800,1.790,3.978
206.833,1.790,3.978
206.867,1.790,3.978
206.900,1.790,3.978
206.933,1.781,3.838
206.967,1.781,3.838
207.000,1.781,3.838
207.033,1.731,3.739
207.067,1.731,3.739
207.100,1.731,3.739
207.133,1.731,3.739
207.167,1.731,3.739
207.200,1.731,3.739
207.233,1.715,3.622
207.267,1.715,3.622
207.300,1.715,3.622
207.333,1.715,3.622
207.367,1.715,3.622
207.400,1.706,3.505
207.433,1.706,3.505
207.467,1.703,3.392
207.500,1.703,3.392
207.533,1.703,3.392
207.567,1.703,3.392
207.600,1.703,3.392
207.633,1.703,3.392
207.667,1.703,4.361
207.700,1.705,4.164
207.733,1.704,3.989
207.767,1.704,4.893
207.800,1.696,4.657
207.833,1.696,4.657
207.867,1.696,4.657
207.900,1.696,4.657
207.933,1.696,4.657
207.967,1.691,4.437
208.000,1.691,4.437
208.033,1.682,4.244
208.067,1.682,4.244
208.100,1.682,4.244
208.133,1.682,4.244
208.167,1.680,4.063
208.200,1.680,4.063
208.233,1.680,4.063
208.267,1.682,3.905
208.300,1.682,3.905
208.333,1.678,3.771
208.367,1.679,3.648
208.400,1.679,3.648
208.433,1.679,3.532
208.467,1.679,3.532
208.500,1.679,3.532
208.533,1.679,3.532
208.567,1.678,3.418
208.600,1.683,3.310
208.633,1.683,4.243
208.667,1.675,4.067
208.700,1.675,4.067
208.733,1.675,4.926
208.767,1.675,4.926
208.800,1.675,4.926
208.833,1.678,4.674
208.867,1.678,4.674
208.900,1.678,4.674
208.933,1.678,4.674
208.967,1.678,4.674
209.000,1.678,4.674
209.033,1.674,4.445
209.067,1.667,4.241
209.100,1.667,4.241
209.133,1.667,4.241
209.167,1.667,4.241
209.200,1.667,4.241
209.233,1.664,4.064
209.267,1.664,4.064
209.300,1.664,4.883
209.333,1.664,5.614
209.367,1.664,5.614
209.400,1.664,5.614
209.433,1.661,5.305
209.467,1.661,5.305
209.500,1.661,5.305
209.533,1.661,5.305
209.567,1.663,5.024
209.600,1.664,4.775
209.633,1.664,4.775
209.667,1.664,4.775
209.700,1.665,4.550
209.733,1.667,4.348
209.767,1.667,4.348
209.800,1.667,4.348
209.833,1.667,5.115
209.867,1.656,4.858
209.900,1.656,4.858
209.933,1.656,4.858
209.967,1.656,4.858
210.000,1.656,4.858
210.033,1.657,4.621
210.067,1.656,4.410
210.100,1.651,4.222
210.133,1.651,4.222
210.167,1.651,4.049
210.200,1.651,4.049
210.233,1.648,3.899
210.267,1.652,3.762
210.300,1.652,4.558
210.333,1.651,4.358
210.367,1.652,4.177
210.400,1.653,4.016
210.433,1.652,3.872
210.467,1.652,4.654
210.500,1.652,4.654
210.533,1.652,5.358
210.567,1.652,5.082
210.600,1.652,5.735
210.633,1.652,5.735
210.667,1.652,5.735
210.700,1.652,5.735
210.733,1.652,5.426
210.767,1.652,5.426
210.800,1.652,5.426
210.833,1.652,5.426
210.867,1.652,5.147
210.900,1.652,5.147
210.933,1.652,5.147
210.967,1.652,5.147
211.000,1.645,4.909
211.033,1.645,4.909
211.067,1.645,4.909
211.100,1.649,4.689
211.133,1.649,4.689
211.167,1.649,4.496
211.200,1.654,4.313
211.233,1.660,4.150
211.267,1.660,4.150
211.300,1.660,4.150
211.333,1.660,4.150
211.367,1.660,4.150
211.400,1.657,4.018
211.433,1.657,4.018
211.467,1.663,3.891
211.500,1.663,3.891
211.533,1.669,3.786
211.567,1.675,3.685
211.600,1.675,3.685
211.633,1.679,3.599
211.667,1.679,3.599
211.700,1.676,3.529
211.733,1.674,3.468
211.767,1.674,3.468
211.800,1.674,3.468
211.833,1.674,3.468
211.867,1.681,3.409
211.900,1.681,3.409
211.933,1.681,3.409
211.967,1.681,3.409
212.000,1.681,3.409
212.033,1.683,3.363
212.067,1.683,3.363
212.100,1.683,3.327
212.133,1.683,3.327
212.167,1.683,3.327
212.200,1.687,3.300
212.233,1.687,3.300
212.267,1.687,3.300
212.300,1.687,3.300
212.333,1.687,3.300
212.367,1.687,4.040
212.400,1.670,3.834
212.433,1.526,3.690
212.467,1.349,3.697
212.500,1.349,3.697
212.533,1.349,3.697
212.567,1.349,3.697
212.600,1.251,3.677
212.633,1.251,3.677
212.667,1.251,3.677
212.700,1.217,3.554
212.733,1.217,4.382
212.767,1.217,4.382
212.800,1.217,4.382
212.833,1.217,4.382
212.867,1.217,4.382
212.900,1.217,5.123
212.933,1.181,4.862
212.967,1.181,4.862
213.000,1.152,4.613
213.033,1.129,4.388
213.067,1.129,4.388
213.100,1.129,4.388
213.133,1.129,4.388
213.167,1.106,4.183
213.200,1.106,4.183
213.233,1.106,4.183
213.267,1.089,4.000
213.300,1.089,4.000
213.333,1.073,3.842
213.367,1.073,3.842
213.400,1.060,3.700
213.433,1.048,3.574
213.467,1.040,3.452
213.500,1.035,3.343
213.533,1.035,3.343
213.567,1.027,3.251
213.600,1.023,3.176
213.633,1.020,3.110
213.667,1.020,3.110
213.700,1.020,3.110
213.733,1.021,3.036
213.767,1.021,3.036
213.800,1.019,2.981
213.833,1.017,2.932
213.867,1.017,2.932
213.900,1.017,2.932
213.933,1.017,2.932
213.967,1.014,2.891
214.000,1.014,2.854
214.033,1.014,2.854
214.067,1.014,2.854
214.100,1.014,2.854
214.133,1.014,2.854
214.167,1.014,2.854
214.200,1.020,2.821
214.233,1.026,2.800
214.267,1.026,2.800
214.300,1.026,2.800
214.333,1.026,2.800
214.367,1.026,2.800
214.400,1.033,2.784
214.433,1.037,2.777
214.467,1.037,2.777
214.500,1.037,2.777
214.533,1.049,2.770
214.567,1.057,2.772
214.600,1.057,2.772
214.633,1.067,2.768
214.667,1.067,3.577
214.700,1.067,3.577
214.733,1.072,3.513
214.767,1.072,3.513
214.800,1.077,3.459
214.833,1.077,3.459
214.867,1.077,4.180
214.900,1.084,4.061
214.933,1.084,4.061
214.967,1.084,4.061
215.000,1.090,3.958
215.033,1.099,3.858
215.067,1.106,3.771
215.100,1.110,3.690
215.133,1.110,3.690
215.167,1.116,3.626
215.200,1.116,3.626
215.233,1.116,3.626
215.267,1.116,4.323
215.300,1.125,4.192
215.333,1.125,4.192
215.367,1.125,4.192
215.400,1.125,4.192
215.433,1.133,4.091
215.467,1.135,3.990
215.500,1.141,3.895
215.533,1.141,3.895
215.567,1.141,3.895
215.600,1.142,3.817
215.633,1.142,3.817
215.667,1.142,3.817
215.700,1.146,3.743
215.733,1.156,3.681
215.767,1.156,3.681
215.800,1.156,3.681
215.833,1.156,3.681
215.867,1.156,3.681
215.900,1.166,3.643
215.933,1.166,3.643
215.967,1.171,3.605
216.000,1.171,3.605
216.033,1.176,3.581
216.067,1.176,3.581
216.100,1.176,3.581
216.133,1.190,3.566
216.167,1.206,3.554
216.200,1.206,3.554
216.233,1.206,3.554
216.267,1.206,3.554
216.300,1.206,3.554
216.333,1.206,3.554
216.367,1.206,3.554
216.400,1.218,3.551
216.433,1.218,3.551
216.467,1.218,3.551
216.500,1.218,3.551
216.533,1.218,3.551
216.567,1.218,4.152
216.600,1.229,4.114
216.633,1.241,4.084
216.667,1.241,4.084
216.700,1.241,4.084
216.733,1.254,4.070
216.767,1.254,4.070
216.800,1.254,4.070
216.833,1.254,4.070
216.867,1.254,4.070
216.900,1.266,4.058
216.933,1.266,4.058
216.967,1.276,4.048
217.000,1.276,4.048
217.033,1.283,4.048
217.067,1.283,4.048
217.100,1.283,4.048
217.133,1.283,4.048
217.167,1.283,4.048
217.200,1.283,4.048
217.233,1.283,4.048
217.267,1.283,4.048
217.300,1.283,4.048
217.333,1.283,4.571
217.367,1.283,4.571
217.400,1.283,4.571
217.433,1.283,5.060
217.467,1.283,5.060
217.500,1.283,5.060
217.533,1.301,4.981
217.567,1.301,4.981
217.600,1.301,4.981
217.633,1.316,4.914
217.667,1.316,4.914
217.700,1.316,4.914
217.733,1.336,4.864
217.767,1.336,4.864
217.800,1.336,4.864
217.833,1.354,4.810
217.867,1.354,4.810
217.900,1.370,4.767
217.933,1.370,4.767
217.967,1.376,4.746
218.000,1.376,4.746
218.033,1.376,5.188
218.067,1.376,5.188
218.100,1.388,5.122
218.133,1.401,5.058
218.167,1.401,5.058
218.200,1.401,5.058
218.233,1.401,5.470
218.267,1.401,5.470
218.300,0.929,5.470
218.333,0.989,5.364
218.367,0.989,5.364
218.400,1.047,5.273
218.433,1.047,5.273
218.467,1.098,5.198
218.500,1.147,5.133
218.533,1.147,5.133
218.567,1.147,5.520
218.600,1.193,5.422
218.633,1.229,5.335
218.667,1.229,5.335
218.700,1.259,5.256
218.733,1.291,5.183
218.767,1.291,5.183
218.800,1.291,5.560
218.833,1.291,5.560
218.867,1.291,5.560
218.900,1.291,5.560
218.933,1.325,5.482
218.967,1.325,5.482
219.000,1.357,5.413
219.033,1.357,5.413
219.067,1.357,5.413
219.100,1.386,5.352
219.133,1.386,5.352
219.167,1.386,5.352
219.200,1.386,5.352
219.233,1.412,5.298
219.267,1.412,5.298
219.300,1.412,5.298
219.333,1.435,5.248
219.367,1.435,5.248
219.400,1.459,5.202
219.433,1.459,5.202
219.467,1.459,5.202
219.500,1.482,5.158
219.533,1.500,5.123
219.567,1.500,5.123
219.600,1.500,5.123
219.633,1.519,5.088
219.667,1.533,5.060
219.700,1.533,5.060
219.733,1.545,5.030
219.767,1.545,5.030
219.800,1.545,5.030
219.833,1.545,5.030
219.867,1.565,5.005
219.900,1.580,4.984
219.933,1.580,4.984
219.967,1.594,4.962
220.000,1.605,4.950
220.033,1.618,4.928
220.067,1.618,4.928
220.100,1.629,4.912
220.133,1.629,5.295
220.167,1.640,5.247
220.200,1.651,5.204
220.233,1.660,5.166
220.267,1.660,5.166
220.300,1.660,5.166
220.333,1.660,5.166
220.367,1.672,5.130
220.400,1.687,5.094
220.433,1.696,5.065
220.467,1.696,5.065
220.500,1.696,5.065
220.533,1.709,5.034
220.567,1.709,5.034
220.600,1.709,5.034
220.633,1.709,5.034
220.667,1.712,5.022
220.700,1.718,5.006
220.733,1.718,5.006
220.767,1.725,4.996
220.800,1.733,4.983
220.833,1.733,4.983
220.867,1.733,5.342
220.900,1.742,5.292
220.933,1.746,5.252
220.967,1.746,5.252
221.000,1.750,5.217
221.033,1.750,5.217
221.067,1.750,5.217
221.100,1.756,5.189
221.133,1.756,5.189
221.167,1.761,5.164
221.200,1.761,5.164
221.233,1.761,5.164
221.267,1.769,5.141
221.300,1.769,5.141
221.333,1.769,5.141
221.367,1.769,5.141
221.400,1.759,5.159
221.433,1.759,5.159
221.467,1.759,5.527
221.500,1.770,5.473
221.533,1.782,5.421
221.567,1.782,5.421
221.600,1.782,5.421
221.633,1.782,5.421
221.667,1.782,5.421
221.700,1.795,5.371
221.733,1.807,5.331
221.767,1.817,5.297
221.800,1.817,5.297
221.833,1.817,5.297
221.867,1.817,5.297
221.900,1.817,5.297
221.933,1.817,5.297
221.967,1.817,5.297
222.000,1.817,5.297
222.033,1.817,5.297
222.067,1.826,5.269
222.100,1.835,5.235
222.133,1.844,5.207
222.167,1.856,5.180
222.200,1.866,5.145
222.233,1.866,5.145
222.267,1.866,5.145
222.300,1.866,5.145
222.333,1.877,5.115
222.367,1.877,5.115
222.400,1.886,5.083
222.433,1.886,5.503
222.467,1.886,5.503
222.500,1.886,5.503
222.533,1.881,5.436
222.567,1.882,5.362
222.600,1.889,5.297
222.633,1.887,5.244
222.667,1.887,5.244
222.700,1.887,5.244
222.733,1.887,5.244
222.767,1.890,5.192
222.800,1.890,5.192
222.833,1.893,5.137
222.867,1.893,5.137
222.900,1.889,5.089
222.933,1.889,5.089
222.967,1.889,5.546
223.000,1.889,5.546
223.033,1.893,5.453
223.067,1.897,5.368
223.100,1.897,5.287
223.133,1.897,5.223
223.167,1.900,5.160
223.200,1.900,5.160
223.233,1.900,5.160
223.267,1.906,5.096
223.300,1.906,5.096
223.333,1.910,5.041
223.367,1.913,4.993
223.400,1.913,4.993
223.433,1.913,4.993
223.467,1.911,4.942
223.500,1.911,4.942
223.533,1.911,4.942
223.567,1.915,4.899
223.600,1.927,4.863
223.633,1.927,4.863
223.667,1.927,4.863
223.700,1.934,4.826
223.733,1.942,4.794
223.767,1.942,4.794
223.800,1.951,4.762
223.833,1.959,4.733
223.867,1.960,4.712
223.900,1.960,4.712
223.933,1.960,5.214
223.967,1.960,5.214
224.000,1.968,5.147
224.033,1.975,5.085
224.067,1.975,5.085
224.100,1.982,5.022
224.133,1.987,4.958
224.167,1.990,4.904
224.200,1.990,4.904
224.233,1.990,4.904
224.267,1.996,4.855
224.300,1.996,4.855
224.333,1.996,4.855
224.367,1.996,4.855
224.400,1.996,4.855
224.433,1.996,4.855
224.467,1.996,4.855
224.500,1.996,4.855
224.533,1.996,4.855
224.567,2.000,4.800
224.600,1.997,4.756
224.633,2.003,4.705
224.667,2.009,4.659
224.700,2.009,4.659
224.733,2.009,4.659
224.767,2.009,4.659
224.800,2.009,4.659
224.833,2.009,4.659
224.867,2.009,4.659
224.900,2.009,4.659
224.933,2.009,4.659
224.967,2.009,4.659
225.000,2.006,4.601
225.033,2.008,4.547
225.067,2.013,4.503
225.100,2.016,4.471
225.133,2.016,4.471
225.167,2.016,4.471
225.200,2.016,4.471
225.233,2.016,4.471
225.267,2.008,4.429
225.300,2.004,4.386
225.333,2.004,4.386
225.367,2.001,4.347
225.400,2.001,4.347
225.433,2.001,4.317
225.467,1.997,4.292
225.500,1.990,4.262
225.533,1.990,4.262
225.567,1.990,4.262
225.600,1.982,4.230
225.633,1.982,4.230
225.667,1.971,4.198
225.700,1.971,4.198
225.733,1.966,4.167
225.767,1.966,4.167
225.800,1.966,4.167
225.833,1.966,4.167
225.867,1.961,4.135
225.900,1.961,4.135
225.933,1.955,4.102
225.967,1.955,4.102
226.000,1.959,4.072
226.033,1.959,4.072
226.067,1.959,4.072
226.100,1.959,4.743
226.133,1.959,4.638
226.167,1.959,4.638
226.200,1.959,4.638
226.233,1.959,4.540
226.267,1.959,4.540
226.300,1.960,4.461
226.333,1.960,5.091
226.367,1.960,5.091
226.400,1.960,5.091
226.433,1.960,5.091
226.467,1.960,5.091
226.500,1.960,5.667
226.533,1.957,5.468
226.567,1.960,5.279
226.600,1.955,5.104
226.633,1.955,5.104
226.667,1.943,4.947
226.700,1.943,4.947
226.733,1.943,4.947
226.767,1.944,4.804
226.800,1.944,4.804
226.833,1.944,4.804
226.867,1.944,4.804
226.900,1.928,4.673
226.933,1.928,4.673
226.967,1.928,4.673
227.000,1.928,4.673
227.033,1.928,4.673
227.067,1.928,4.673
227.100,1.928,4.673
227.133,1.928,4.673
227.167,1.918,4.526
227.200,1.907,4.393
227.233,1.907,4.393
227.267,1.907,5.090
227.300,1.907,5.090
227.333,1.900,4.896
227.367,1.900,5.568
227.400,1.890,5.318
227.433,1.880,5.095
227.467,1.880,5.095
227.500,1.880,5.761
227.533,1.880,5.761
227.567,1.880,5.761
227.600,1.880,5.761
227.633,1.855,5.492
227.667,1.855,5.492
227.700,1.855,5.492
227.733,1.855,5.492
227.767,1.855,5.492
227.800,1.855,5.492
227.833,1.833,5.230
227.867,1.833,5.230
227.900,1.833,5.230
227.933,1.814,4.995
227.967,1.814,5.730
228.000,1.802,5.438
228.033,1.788,5.181
228.067,1.776,4.953
228.100,1.776,4.953
228.133,1.776,5.693
228.167,1.776,5.693
228.200,1.776,5.693
228.233,1.776,5.693
228.267,1.776,5.693
228.300,1.776,5.693
228.333,1.764,5.402
228.367,1.764,5.402
228.400,1.764,5.402
228.433,1.764,5.402
228.467,1.764,5.402
228.500,1.764,5.402
228.533,1.764,5.402
228.567,1.764,5.402
228.600,1.741,5.125
228.633,1.715,4.878
228.667,1.715,4.878
228.700,1.692,4.648
228.733,1.692,4.648
228.767,1.692,4.648
228.800,1.692,4.648
228.833,1.681,4.441
228.867,1.669,4.260
228.900,1.669,4.260
228.933,1.669,4.260
228.967,1.669,4.260
229.000,1.669,4.260
229.033,1.669,4.260
229.067,1.651,4.099
229.100,1.651,4.099
229.133,1.642,3.946
229.167,1.642,3.946
229.200,1.632,3.810
229.233,1.621,3.695
229.267,1.621,3.695
229.300,1.618,3.590
229.333,1.618,3.590
229.367,1.618,3.590
229.400,1.618,4.517
229.433,1.615,4.336
229.467,1.609,4.171
229.500,1.609,4.171
229.533,1.609,4.171
229.567,1.611,4.031
229.600,1.611,4.031
229.633,1.611,4.031
229.667,1.611,4.031
229.700,1.611,4.031
229.733,1.611,4.031
229.767,1.611,4.031
229.800,1.611,4.031
229.833,1.611,4.031
229.867,1.611,4.031
229.900,1.611,4.031
229.933,1.615,3.917
229.967,1.615,4.806
230.000,1.615,4.806
230.033,1.615,4.806
230.067,1.615,4.806
230.100,1.615,4.806
230.133,1.615,4.806
230.167,1.615,4.806
230.200,1.622,4.648
230.233,1.622,4.648
230.267,1.636,4.501
230.300,1.649,4.371
230.333,1.649,4.371
230.367,1.649,4.371
230.400,1.649,4.371
230.433,1.649,4.371
230.467,1.649,4.371
230.500,1.649,4.371
230.533,1.649,4.371
230.567,1.662,4.267
230.600,1.669,4.168
230.633,1.669,5.004
230.667,1.669,5.004
230.700,1.669,5.004
230.733,1.677,4.832
230.767,1.689,4.676
230.800,1.689,4.676
230.833,1.689,4.676
230.867,1.698,4.534
230.900,1.698,4.534
230.933,1.698,4.534
230.967,1.698,5.338
231.000,1.698,5.338
231.033,1.709,5.136
231.067,1.717,4.960
231.100,1.725,4.808
231.133,1.725,4.808
231.167,1.737,4.677
231.200,1.752,4.554
231.233,1.769,4.441
231.267,1.781,4.342
231.300,1.781,4.342
231.333,1.781,4.342
231.367,1.781,4.342
231.400,1.781,4.342
231.433,1.793,4.257
231.467,1.793,4.257
231.500,1.793,4.257
231.533,1.793,4.257
231.567,1.801,4.195
231.600,1.801,4.195
231.633,1.801,4.195
231.667,1.801,4.195
231.700,1.801,4.195
231.733,1.801,5.014
231.767,1.801,5.014
231.800,1.801,5.014
231.833,1.810,4.879
231.867,1.820,4.761
231.900,1.820,4.761
231.933,1.828,4.661
231.967,1.828,4.661
232.000,1.837,4.573
232.033,1.837,4.573
232.067,1.846,4.504
232.100,1.855,4.437
232.133,1.869,4.374
232.167,1.869,4.374
232.200,1.878,4.321
232.233,1.878,4.321
232.267,1.878,5.113
232.300,1.878,5.113
232.333,1.880,4.989
232.367,1.882,4.876
232.400,1.882,5.612
232.433,1.882,5.612
232.467,1.882,5.612
232.500,1.882,5.612
232.533,1.891,5.453
232.567,1.902,5.305
232.600,1.902,5.305
232.633,1.914,5.171
232.667,1.914,5.886
232.700,1.914,5.886
232.733,1.914,5.886
232.767,1.926,5.702
232.800,1.925,5.538
232.833,1.925,5.538
232.867,1.931,5.381
232.900,1.932,5.247
232.933,1.932,5.247
232.967,1.932,5.247
233.000,1.935,5.143
233.033,1.941,5.043
233.067,1.941,5.043
233.100,1.404,5.035
233.133,1.404,5.035
233.167,1.472,4.956
233.200,1.536,4.892
233.233,1.598,4.832
233.267,1.598,4.832
233.300,1.648,4.784
233.333,1.695,4.740
233.367,1.695,5.428
233.400,1.738,5.328
233.433,1.781,5.237
233.467,1.820,5.163
233.500,1.859,5.104
233.533,1.859,5.104
233.567,1.859,5.104
233.600,1.859,5.104
233.633,1.859,5.104
233.667,1.859,5.104
233.700,1.893,5.061
233.733,1.893,5.061
233.767,1.893,5.061
233.800,1.928,5.035
233.833,1.928,5.035
233.867,1.963,5.012
233.900,1.993,4.994
233.933,2.021,4.973
233.967,2.047,4.957
234.000,2.047,4.957
234.033,2.047,4.957
234.067,2.047,4.957
234.100,2.047,4.957
234.133,2.047,4.957
234.167,2.047,4.957
234.200,2.047,4.957
234.233,2.047,5.577
234.267,2.047,6.129
234.300,2.047,6.129
234.333,2.047,6.129
234.367,2.047,6.129
234.400,2.047,6.129
234.433,2.047,6.129
234.467,2.047,6.129
234.500,2.047,6.129
234.533,2.047,6.129
234.567,2.047,6.129
234.600,2.047,6.129
234.633,2.089,6.368
234.667,2.089,6.368
234.700,2.121,6.264
234.733,2.121,6.738
234.767,2.150,6.607
234.800,2.150,7.040
234.833,2.150,7.040
234.867,2.150,7.040
234.900,2.182,6.886
234.933,2.182,6.886
234.967,2.182,6.886
235.000,2.182,6.886
235.033,2.210,6.747
235.067,2.210,6.747
235.100,2.228,6.624
235.133,2.228,7.031
235.167,2.255,6.885
235.200,2.255,6.885
235.233,2.255,6.885
235.267,2.255,6.885
235.300,2.281,6.762
235.333,2.307,6.652
235.367,2.326,6.554
235.400,2.326,6.554
235.433,2.346,6.483
235.467,2.346,6.483
235.500,2.346,6.483
235.533,2.346,6.856
235.567,2.346,7.189
235.600,2.346,7.189
235.633,2.367,7.056
235.667,2.367,7.056
235.700,2.390,6.929
235.733,2.409,6.818
235.767,2.426,6.719
235.800,2.444,6.634
235.833,2.444,6.634
235.867,2.458,6.563
235.900,2.458,6.563
235.933,2.472,6.494
235.967,2.472,6.494
236.000,2.472,6.494
236.033,2.485,6.434
236.067,2.485,6.434
236.100,2.485,6.434
236.133,2.485,6.434
236.167,2.496,6.379
236.200,2.511,6.321
236.233,2.526,6.267
236.267,2.526,6.267
236.300,2.535,6.216
236.333,2.540,6.168
236.367,2.549,6.129
236.400,2.556,6.089
236.433,2.556,6.089
236.467,2.559,6.051
236.500,2.560,6.017
236.533,2.568,5.982
236.567,2.568,5.982
236.600,2.568,5.982
236.633,2.571,5.946
236.667,2.572,5.916
236.700,2.572,5.916
236.733,2.572,5.916
236.767,2.572,5.916
236.800,2.571,5.876
236.833,2.573,5.847
236.867,2.573,5.847
236.900,2.573,5.847
236.933,2.573,5.847
236.967,2.566,5.813
237.000,2.566,5.813
237.033,2.568,5.776
237.067,2.568,5.733
237.100,2.568,5.733
237.133,2.568,5.733
237.167,2.568,5.733
237.200,2.568,5.733
237.233,2.568,5.733
237.267,2.568,5.733
237.300,2.568,5.733
237.333,2.568,5.733
237.367,2.563,5.681
237.400,2.568,5.636
237.433,2.571,5.591
237.467,2.573,5.544
237.500,2.573,5.544
237.533,2.567,5.508
237.567,2.558,5.474
237.600,2.558,5.474
237.633,2.558,5.474
237.667,2.553,5.430
237.700,2.553,5.430
237.733,2.547,5.394
237.767,2.547,5.394
237.800,2.542,5.355
237.833,2.542,5.355
237.867,2.534,5.307
237.900,2.526,5.276
237.933,2.522,5.238
237.967,2.522,5.238
238.000,2.520,5.201
238.033,2.520,5.201
238.067,2.520,5.201
238.100,2.518,5.170
238.133,2.518,5.170
238.167,2.518,5.170
238.200,2.518,5.170
238.233,2.522,5.142
238.267,2.522,5.142
238.300,2.522,5.142
238.333,2.522,5.142
238.367,2.519,5.113
238.400,2.519,5.113
238.433,2.519,5.113
238.467,2.519,5.113
238.500,2.525,5.083
238.533,2.525,5.068
238.567,2.525,5.068
238.600,2.530,5.044
238.633,2.530,5.044
238.667,2.530,5.665
238.700,2.530,5.665
238.733,2.527,5.581
238.767,2.532,5.495
238.800,2.536,5.426
238.833,2.536,5.426
238.867,2.541,5.353
238.900,2.541,5.353
238.933,2.541,5.353
238.967,2.537,5.292
239.000,2.537,5.292
239.033,2.537,5.292
239.067,2.537,5.292
239.100,2.537,5.292
239.133,2.537,5.292
239.167,2.537,5.292
239.200,2.537,5.292
239.233,2.547,5.229
239.267,2.552,5.170
239.300,2.552,5.170
239.333,2.552,5.811
239.367,2.552,5.811
239.400,2.548,5.695
239.433,2.548,5.695
239.467,2.548,5.695
239.500,2.548,5.695
239.533,2.548,5.695
239.567,2.548,5.695
239.600,2.556,5.581
239.633,2.556,5.581
239.667,2.556,5.581
239.700,2.556,5.581
239.733,2.555,5.472
239.767,2.555,5.472
239.800,2.555,5.472
239.833,2.555,5.472
239.867,2.556,5.369
239.900,2.559,5.276
239.933,2.559,5.276
239.967,2.564,5.190
240.000,2.558,5.110
240.033,2.558,5.110
240.067,2.559,5.033
240.100,2.559,5.033
240.133,2.559,5.033
240.167,2.559,5.033
240.200,2.559,5.033
240.233,2.559,5.033
240.267,2.559,5.033
240.300,2.559,5.033
240.333,2.558,4.952
240.367,2.558,5.688
240.400,2.558,6.344
240.433,2.558,6.344
240.467,2.558,6.344
240.500,2.558,6.344
240.533,2.558,6.947
240.567,2.558,6.947
240.600,2.558,6.947
240.633,2.558,6.947
240.667,2.558,6.947
240.700,2.558,6.947
240.733,2.553,6.665
240.767,2.553,6.665
240.800,2.553,6.665
240.833,2.549,6.406
240.867,2.549,7.015
240.900,2.542,6.720
240.933,2.542,8.347
240.967,2.537,7.904
241.000,2.529,7.501
241.033,2.529,7.501
241.067,2.529,7.501
241.100,2.529,7.501
241.133,2.529,7.501
241.167,2.521,7.130
241.200,2.521,7.130
241.233,2.521,7.130
241.267,2.521,7.736
241.300,2.497,7.334
241.333,2.475,6.973
241.367,2.475,6.973
241.400,2.465,6.647
241.433,2.465,7.311
241.467,2.465,7.311
241.500,2.465,7.311
241.533,2.465,7.936
241.567,2.465,7.936
241.600,2.465,7.936
241.633,2.465,8.497
241.667,2.443,7.995
241.700,2.424,7.552
241.733,2.424,7.552
241.767,2.408,7.153
241.800,2.408,7.791
241.833,2.408,7.791
241.867,2.399,7.358
241.900,2.399,7.358
241.933,2.399,7.358
241.967,2.399,7.358
242.000,2.391,6.977
242.033,2.384,6.629
242.067,2.384,6.629
242.100,2.365,6.319
242.133,2.352,6.038
242.167,2.349,5.780
242.200,2.341,5.550
242.233,2.341,5.550
242.267,2.341,5.550
242.300,2.341,5.550
242.333,2.341,6.336
242.367,2.498,6.635
242.400,2.498,6.635
242.433,2.498,6.635
242.467,2.464,6.315
242.500,2.439,6.025
242.533,2.421,5.759
242.567,2.421,5.759
242.600,2.402,5.524
242.633,2.402,5.524
242.667,2.402,5.524
242.700,2.402,5.524
242.733,2.381,5.313
242.767,2.364,5.121
242.800,2.364,5.121
242.833,2.344,4.952
242.867,2.344,4.952
242.900,2.344,4.952
242.933,2.329,4.795
242.967,2.329,4.795
243.000,2.329,4.795
243.033,2.314,4.657
243.067,2.301,4.534
243.100,2.301,4.534
243.133,2.301,4.534
243.167,2.301,4.534
243.200,2.275,4.425
243.233,2.252,4.324
243.267,2.252,4.324
243.300,2.252,4.324
243.333,2.238,4.216
243.367,2.238,4.216
243.400,2.224,4.120
243.433,2.224,5.042
243.467,2.224,5.872
243.500,2.224,7.735
243.533,2.224,7.735
243.567,2.207,7.291
243.600,2.207,7.291
243.633,2.207,7.291
243.667,2.193,6.880
243.700,2.193,6.880
243.733,2.177,6.515
243.767,2.161,6.183
243.800,2.161,6.183
243.833,2.161,6.183
243.867,2.161,6.183
243.900,2.143,5.879
243.933,2.143,5.879
243.967,2.143,5.879
244.000,2.128,5.598
244.033,2.109,5.349
244.067,2.096,5.126
244.100,2.086,4.922
244.133,2.072,4.738
244.167,2.072,4.738
244.200,2.072,4.738
244.233,2.072,4.738
244.267,2.055,4.579
244.300,1.988,4.488
244.333,1.988,4.488
244.367,1.988,4.488
244.400,1.988,4.488
244.433,1.988,5.372
244.467,1.976,5.145
244.500,1.976,5.970
244.533,1.950,5.695
244.567,1.943,5.424
244.600,1.943,5.424
244.633,1.941,5.178
244.667,1.941,5.178
244.700,1.941,5.178
244.733,1.936,4.963
244.767,1.936,4.963
244.800,1.936,4.963
244.833,1.930,4.766
244.867,1.930,4.766
244.900,1.927,4.591
244.933,1.927,4.591
244.967,1.928,4.428
245.000,1.928,4.428
245.033,1.924,4.287
245.067,1.923,4.156
245.100,1.924,4.037
245.133,1.924,4.037
245.167,1.924,3.931
245.200,1.924,3.931
245.233,1.924,3.931
245.267,1.924,3.931
245.300,1.924,3.931
245.333,1.924,3.931
245.367,1.924,3.931
245.400,1.924,3.843
245.433,1.924,3.843
245.467,1.927,3.760
245.500,1.930,3.685
245.533,1.930,3.685
245.567,1.930,3.685
245.600,1.930,3.685
245.633,1.930,3.685
245.667,1.930,3.685
245.700,1.930,3.685
245.733,1.930,3.685
245.767,1.930,3.685
245.800,1.937,3.616
245.833,1.944,3.553
245.867,1.944,3.553
245.900,1.944,3.553
245.933,1.944,3.553
245.967,1.944,3.553
246.000,1.950,3.498
246.033,1.950,3.498
246.067,1.957,3.453
246.100,1.957,3.453
246.133,1.957,3.453
246.167,1.957,3.453
246.200,1.957,4.424
246.233,1.957,4.424
246.267,1.968,4.282
246.300,1.968,4.282
246.333,1.968,4.282
246.367,1.975,4.164
246.400,1.975,4.164
246.433,1.986,4.054
246.467,1.999,3.954
246.500,1.999,3.954
246.533,1.999,4.869
246.567,2.007,4.692
246.600,2.007,4.692
246.633,2.010,4.535
246.667,2.010,4.535
246.700,2.010,4.535
246.733,2.010,4.535
246.767,2.010,5.392
246.800,2.010,5.392
246.833,2.010,5.392
246.867,2.010,6.160
246.900,2.010,6.160
246.933,2.010,6.160
246.967,2.010,6.160
247.000,2.010,6.160
247.033,2.032,5.857
247.067,2.032,5.857
247.100,2.032,5.857
247.133,2.048,5.599
247.167,2.048,5.599
247.200,2.048,6.337
247.233,2.048,6.337
247.267,2.073,6.038
247.300,2.073,6.038
247.333,2.093,5.768
247.367,2.106,5.527
247.400,2.122,5.307
247.433,2.135,5.112
247.467,2.135,5.112
247.500,1.720,5.112
247.533,1.851,4.834
247.567,1.851,4.834
247.600,1.851,4.834
247.633,1.851,4.834
247.667,1.851,5.659
247.700,1.851,5.659
247.733,1.851,5.659
247.767,1.902,5.439
247.800,1.946,5.248
247.833,1.946,5.248
247.867,1.946,5.248
247.900,1.990,5.077
247.933,2.032,4.925
247.967,2.070,4.790
248.000,2.070,4.790
248.033,2.102,4.667
248.067,2.102,4.667
248.100,2.102,4.667
248.133,2.135,4.562
248.167,2.165,4.467
248.200,2.165,4.467
248.233,2.193,4.388
248.267,2.223,4.310
248.300,2.252,4.240
248.333,2.277,4.182
248.367,2.277,4.182
248.400,2.277,4.182
248.433,2.299,4.135
248.467,2.299,4.135
248.500,2.299,5.010
248.533,2.299,5.010
248.567,2.299,5.010
248.600,2.299,5.010
248.633,2.299,5.010
248.667,2.299,5.010
248.700,2.299,5.800
248.733,2.324,5.606
248.767,2.324,5.606
248.800,2.355,5.434
248.833,2.384,5.285
248.867,2.384,5.285
248.900,2.410,5.154
248.933,2.435,5.038
248.967,2.435,5.038
249.000,2.435,5.038
249.033,2.465,4.934
249.067,2.487,4.840
249.100,2.487,4.840
249.133,2.487,4.840
249.167,2.487,4.840
249.200,2.487,5.646
249.233,2.487,5.646
249.267,2.508,5.491
249.300,2.508,5.491
249.333,2.540,5.353
249.367,2.540,7.285
249.400,2.540,7.285
249.433,2.540,7.285
249.467,2.540,7.285
249.500,2.540,7.285
249.533,2.557,6.973
249.567,2.577,6.686
249.600,2.593,6.430
249.633,2.593,6.430
249.667,2.610,6.198
249.700,2.625,5.997
249.733,2.642,5.818
249.767,2.642,5.818
249.800,2.642,5.818
249.833,2.763,5.572
249.867,2.763,5.572
249.900,2.766,5.428
249.933,2.740,5.317
249.967,2.740,5.317
250.000,2.740,5.317
250.033,2.740,5.317
250.067,2.740,5.317
250.100,2.740,5.317
250.133,2.740,5.317
250.167,2.768,5.235
250.200,2.768,5.235
250.233,2.788,5.169
250.267,2.788,5.169
250.300,2.834,5.135
250.333,2.875,5.124
250.367,2.875,5.124
250.400,2.875,5.124
250.433,2.875,5.124
250.467,2.875,5.888
250.500,2.875,5.888
250.533,2.875,5.888
250.567,2.875,5.888
250.600,2.964,5.868
250.633,2.964,5.868
250.667,3.060,5.859
250.700,3.144,5.859
250.733,3.144,6.470
250.767,3.232,6.426
250.800,3.232,6.426
250.833,3.232,6.426
250.867,3.232,6.426
250.900,3.232,6.426
250.933,3.232,6.426
250.967,3.232,6.426
251.000,3.232,6.426
251.033,3.232,6.426
251.067,3.232,6.426
251.100,3.361,6.456
251.133,3.361,6.456
251.167,3.470,6.488
251.200,3.470,6.488
251.233,3.569,6.511
251.267,3.569,6.511
251.300,3.651,6.537
251.333,3.735,6.556
251.367,3.812,6.573
251.400,3.812,6.573
251.433,3.876,6.586
251.467,3.876,6.586
251.500,3.876,7.028
251.533,3.932,7.000
251.567,3.978,6.972
251.600,3.978,6.972
251.633,3.978,6.972
251.667,4.019,6.950
251.700,4.019,6.950
251.733,4.019,7.353
251.767,4.019,7.353
251.800,4.060,7.284
251.833,4.093,7.225
251.867,4.118,7.173
251.900,4.118,7.548
251.933,4.142,7.453
251.967,4.168,7.364
252.000,4.192,7.280
252.033,4.206,7.210
252.067,4.223,7.145
252.100,4.223,7.145
252.133,4.237,7.085
252.167,4.237,7.085
252.200,4.243,7.037
252.233,4.256,6.987
252.267,4.256,6.987
252.300,4.254,6.947
252.333,4.254,6.947
252.367,4.254,6.911
252.400,4.254,6.911
252.433,4.258,6.870
252.467,4.258,6.870
252.500,4.258,6.870
252.533,4.258,6.870
252.567,4.258,6.870
252.600,4.259,6.830
252.633,4.260,6.797
252.667,4.260,6.797
252.700,4.261,6.760
252.733,4.261,6.726
252.767,4.254,6.696
252.800,4.254,7.113
252.833,4.254,7.113
252.867,4.243,7.048
252.900,4.243,7.048
252.933,4.240,6.983
252.967,4.242,6.920
253.000,4.242,6.920
253.033,4.237,6.866
253.067,4.237,7.259
253.100,3.459,7.259
253.133,3.530,7.174
253.167,3.530,7.530
253.200,3.530,7.530
253.233,3.595,7.415
253.267,3.595,7.745
253.300,3.595,7.745
253.333,3.595,7.745
253.367,3.595,7.745
253.400,3.653,7.603
253.433,3.653,7.603
253.467,3.702,7.476
253.500,3.748,7.361
253.533,3.748,7.361
253.567,3.791,7.259
253.600,3.791,7.259
253.633,3.791,7.259
253.667,3.791,7.259
253.700,3.791,7.259
253.733,3.824,7.168
253.767,3.849,7.090
253.800,3.849,7.436
253.833,3.849,7.436
253.867,3.849,7.436
253.900,3.849,7.728
253.933,3.849,7.728
253.967,3.878,7.585
254.000,3.905,7.460
254.033,3.905,7.460
254.067,3.905,7.757
254.100,3.905,7.757
254.133,3.905,7.757
254.167,3.924,7.614
254.200,3.924,8.588
254.233,3.942,8.357
254.267,3.942,8.562
254.300,3.948,8.339
254.333,3.952,8.140
254.367,3.952,8.140
254.400,3.961,7.951
254.433,3.961,7.951
254.467,3.961,7.951
254.500,3.961,7.951
254.533,3.961,7.951
254.567,3.968,7.781
254.600,3.968,7.781
254.633,3.979,7.622
254.667,3.988,7.480
254.700,3.988,7.480
254.733,3.988,7.480
254.767,3.990,7.353
254.800,3.985,7.238
254.833,3.985,7.238
254.867,3.985,7.238
254.900,3.985,7.238
254.933,3.985,7.238
254.967,3.982,7.138
255.000,3.980,7.048
255.033,3.980,7.048
255.067,3.980,7.048
255.100,3.980,7.048
255.133,3.980,7.357
255.167,3.980,7.638
255.200,3.979,7.493
255.233,3.979,7.744
255.267,3.979,7.744
255.300,3.979,7.744
255.333,3.979,7.744
255.367,3.979,7.744
255.400,3.979,7.744
255.433,3.979,7.744
255.467,3.979,7.744
255.500,3.974,7.591
255.533,3.974,7.591
255.567,3.969,7.450
255.600,3.966,7.321
255.633,3.966,7.321
255.667,3.966,7.561
255.700,3.967,7.423
255.733,3.967,7.423
255.767,3.967,7.423
255.800,3.967,7.423
255.833,3.967,7.423
255.867,3.967,7.423
255.900,3.967,7.423
255.933,3.969,7.284
255.967,3.969,7.284
256.000,3.969,7.284
256.033,3.969,7.284
256.067,3.969,7.284
256.100,3.969,7.521
256.133,3.969,7.732
256.167,3.969,7.732
256.200,3.958,7.568
256.233,3.945,7.421
256.267,3.945,7.640
256.300,3.945,7.640
256.333,3.945,7.640
256.367,3.945,7.640
256.400,3.945,7.640
256.433,3.945,7.640
256.467,3.945,7.640
256.500,3.945,7.640
256.533,3.945,7.640
256.567,3.931,7.489
256.600,3.931,7.489
256.633,3.918,7.356
256.667,3.918,7.356
256.700,3.918,7.356
256.733,3.918,7.356
256.767,3.918,7.356
256.800,3.918,7.356
256.833,3.918,7.356
256.867,3.918,7.356
256.900,3.918,7.356
256.933,3.918,7.356
256.967,3.918,7.356
257.000,3.898,7.218
257.033,3.898,7.218
257.067,3.898,7.495
257.100,3.835,7.385
257.133,3.806,7.233
257.167,3.806,7.233
257.200,3.792,7.092
257.233,3.792,7.092
257.267,3.792,7.092
257.300,3.775,6.971
257.333,3.775,6.971
257.367,3.775,7.161
257.400,3.775,7.161
257.433,3.757,7.042
257.467,3.757,7.042
257.500,3.746,6.928
257.533,3.746,7.106
257.567,3.741,6.982
257.600,3.736,6.871
257.633,3.726,6.772
257.667,3.726,6.772
257.700,3.726,6.970
257.733,3.726,6.970
257.767,3.726,6.970
257.800,3.726,6.970
257.833,3.706,6.861
257.867,3.706,6.861
257.900,3.668,6.771
257.933,3.668,6.771
257.967,3.624,6.669
258.000,3.624,6.669
258.033,3.592,6.565
258.067,3.592,6.565
258.100,3.579,6.453
258.133,3.566,6.355
258.167,3.553,6.269
258.200,3.537,6.194
258.233,3.524,6.124
258.267,3.524,6.124
258.300,3.524,6.361
258.333,3.515,6.279
258.367,3.515,6.279
258.400,3.502,6.208
258.433,3.497,6.141
258.467,3.494,6.074
258.500,3.494,6.074
258.533,3.494,6.074
258.567,3.494,6.074
258.600,3.484,6.026
258.633,3.484,6.026
258.667,3.484,6.026
258.700,3.476,5.981
258.733,3.476,5.981
258.767,3.476,5.981
258.800,3.476,5.981
258.833,3.476,5.981
258.867,3.476,6.204
258.900,3.472,6.147
258.933,3.472,6.147
258.967,3.472,6.147
259.000,3.474,6.093
259.033,3.474,6.043
259.067,3.474,6.043
259.100,3.474,6.043
259.133,3.465,6.004
259.167,3.465,6.209
259.200,3.465,6.209
259.233,3.454,6.159
259.267,3.454,6.159
259.300,3.454,6.159
259.333,3.454,6.159
259.367,2.730,6.159
259.400,2.831,6.037
259.433,2.831,6.037
259.467,2.831,6.037
259.500,2.831,6.037
259.533,2.831,6.037
259.567,2.895,6.002
259.600,2.948,5.972
259.633,2.948,5.972
259.667,2.948,5.972
259.700,2.948,5.972
259.733,2.948,5.972
259.767,2.948,5.972
259.800,2.948,5.972
259.833,2.948,5.972
259.867,2.948,5.972
259.900,2.995,5.943
259.933,3.035,5.919
259.967,3.035,5.919
260.000,3.035,5.919
260.033,3.071,5.898
260.067,3.071,5.898
260.100,3.071,5.898
260.133,3.102,5.880
260.167,3.102,6.040
260.200,3.134,5.996
260.233,3.134,5.996
260.267,3.162,5.961
260.300,3.162,5.961
260.333,3.162,5.961
260.367,3.162,5.961
260.400,3.162,5.961
260.433,3.185,5.933
260.467,3.191,5.921
260.500,3.191,5.921
260.533,3.191,5.921
260.567,3.208,5.895
260.600,3.225,5.864
260.633,3.225,5.864
260.667,3.225,5.864
260.700,3.234,5.839
260.733,3.234,5.839
260.767,3.248,5.821
260.800,3.261,5.805
260.833,3.261,5.805
260.867,3.261,5.805
260.900,3.265,5.794
260.933,3.269,5.782
260.967,3.269,5.782
261.000,3.269,5.782
261.033,3.269,5.782
261.067,3.269,5.782
261.100,3.272,5.780
261.133,3.272,5.780
261.167,3.281,5.768
261.200,3.289,5.759
261.233,3.294,5.755
261.267,3.294,5.755
261.300,3.294,5.755
261.333,3.300,5.744
261.367,3.300,5.744
261.400,3.300,5.744
261.433,3.300,5.744
261.467,3.300,5.744
261.500,3.300,5.744
261.533,3.300,5.744
261.567,3.300,5.845
261.600,3.297,5.848
261.633,3.297,5.848
261.667,3.300,5.844
261.700,3.303,5.845
261.733,3.306,5.849
261.767,3.310,5.847
261.800,3.310,5.847
261.833,3.310,5.847
261.867,3.310,5.848
261.900,3.308,5.853
261.933,3.308,5.853
261.967,3.308,5.853
262.000,3.308,5.853
262.033,3.303,5.854
262.067,3.303,5.851
262.100,3.306,5.849
262.133,3.306,5.849
262.167,3.305,5.849
262.200,3.305,5.849
262.233,3.305,5.849
262.267,3.305,5.849
262.300,3.305,5.849
262.333,3.302,5.855
262.367,3.302,5.855
262.400,3.301,5.863
262.433,3.301,5.863
262.467,3.303,5.868
262.500,3.303,5.868
262.533,3.301,5.884
262.567,3.301,5.884
262.600,3.301,5.884
262.633,3.301,5.884
262.667,3.303,5.892
262.700,3.304,5.904
262.733,3.304,5.904
262.767,3.304,5.917
262.800,3.304,5.917
262.833,3.306,5.929
262.867,3.306,5.929
262.900,3.304,5.944
262.933,3.304,5.944
262.967,3.304,5.944
263.000,3.304,5.959
263.033,3.304,5.959
263.067,3.304,5.959
263.100,3.304,5.959
263.133,3.305,5.976
263.167,3.307,5.993
263.200,3.307,5.993
263.233,3.315,6.013
263.267,3.315,6.013
263.300,3.315,5.919
263.333,3.199,5.927
263.367,3.199,5.927
263.400,3.199,5.927
263.433,3.133,5.952
263.467,3.133,5.952
263.500,3.012,6.015
263.533,3.012,6.015
263.567,3.012,6.015
263.600,3.012,6.080
263.633,3.012,6.080
263.667,3.012,6.080
263.700,2.948,6.037
263.733,2.890,5.995
263.767,2.890,5.995
263.800,2.890,5.995
263.833,2.890,5.995
263.867,2.890,5.995
263.900,2.890,6.064
263.933,2.890,6.064
263.967,2.890,6.134
264.000,2.846,6.076
264.033,2.805,6.022
264.067,2.766,5.984
264.100,2.766,5.984
264.133,2.729,5.956
264.167,2.729,5.956
264.200,2.729,5.956
264.233,2.729,5.956
264.267,2.729,5.956
264.300,2.699,5.911
264.333,2.699,5.911
264.367,2.669,5.869
264.400,2.669,5.939
264.433,2.669,5.939
264.467,2.669,5.939
264.500,2.669,5.939
264.533,2.645,5.899
264.567,2.645,5.963
264.600,2.564,5.883
264.633,2.548,5.845
264.667,2.536,5.822
264.700,2.536,5.822
264.733,2.536,5.882
264.767,2.536,5.882
264.800,2.528,5.849
264.833,2.528,5.849
264.867,2.513,5.822
264.900,2.502,5.804
264.933,2.502,5.804
264.967,2.493,5.785
265.000,2.493,5.785
265.033,2.493,5.785
265.067,2.493,5.785
265.100,2.493,5.785
265.133,2.492,5.779
265.167,2.492,5.779
265.200,2.492,5.779
265.233,2.492,5.779
265.267,2.487,5.776
265.300,2.482,5.778
265.333,2.482,5.778
265.367,2.482,5.778
265.400,2.482,5.778
265.433,2.482,5.778
265.467,2.484,5.791
265.500,2.492,5.800
265.533,2.492,5.800
265.567,2.492,5.800
265.600,2.492,5.800
265.633,2.492,5.800
265.667,2.492,5.800
265.700,2.492,5.800
265.733,2.492,5.800
265.767,2.492,5.800
265.800,2.492,5.800
265.833,2.492,5.843
265.867,2.492,5.843
265.900,2.497,5.879
265.933,2.505,5.911
265.967,2.505,5.946
266.000,2.507,5.974
266.033,2.507,5.937
266.067,2.507,5.937
266.100,2.507,5.937
266.133,2.507,5.937
266.167,2.509,5.979
266.200,2.510,6.018
266.233,2.510,6.018
266.267,2.516,6.046
266.300,2.516,6.046
266.333,2.516,6.046
266.367,2.516,6.001
266.400,2.516,6.001
266.433,2.516,6.001
266.467,2.523,6.037
266.500,2.523,5.981
266.533,2.523,5.981
266.567,2.523,5.981
266.600,2.535,6.016
266.633,2.535,6.016
266.667,2.536,6.071
266.700,2.533,6.121
266.733,2.541,6.158
266.767,2.550,6.194
266.800,2.550,6.194
266.833,2.551,6.234
266.867,2.556,6.268
266.900,2.556,6.268
266.933,2.556,6.268
266.967,2.556,6.268
267.000,2.567,6.309
267.033,2.567,6.309
267.067,2.567,6.309
267.100,2.567,6.309
267.133,2.567,6.309
267.167,2.567,6.170
267.200,2.567,6.046
267.233,2.567,6.046
267.267,2.567,6.046
267.300,2.576,6.116
267.333,2.589,6.179
267.367,2.589,6.179
267.400,2.589,6.179
267.433,2.589,6.179
267.467,2.589,6.017
267.500,2.589,6.017
267.533,2.608,6.123
267.567,2.622,6.231
267.600,2.622,6.231
267.633,2.622,6.231
267.667,2.622,6.231
267.700,2.622,6.231
267.733,2.622,6.231
267.767,2.633,6.312
267.800,2.645,6.392
267.833,2.645,6.392
267.867,2.645,6.392
267.900,2.645,6.392
267.933,2.657,6.471
267.967,2.657,6.471
268.000,2.657,6.471
268.033,2.657,6.471
268.067,2.669,6.556
268.100,2.669,6.556
268.133,2.669,6.556
268.167,2.678,6.628
268.200,2.678,6.628
268.233,2.678,6.628
268.267,2.678,6.628
268.300,2.686,6.695
268.333,2.695,6.757
268.367,2.695,6.757
268.400,2.707,6.824
268.433,2.707,6.824
268.467,2.707,6.824
268.500,2.720,6.897
268.533,2.720,6.897
268.567,2.720,6.897
268.600,2.720,6.897
268.633,2.720,6.897
268.667,2.720,6.897
268.700,2.720,6.897
268.733,2.738,6.960
268.767,2.738,6.679
268.800,2.751,6.772
268.833,2.751,6.772
268.867,2.751,6.512
268.900,2.767,6.617
268.933,2.785,6.710
268.967,2.785,6.710
269.000,2.785,6.710
269.033,2.796,6.792
269.067,2.809,6.857
269.100,2.809,6.857
269.133,2.822,6.926
269.167,2.831,6.987
269.200,2.831,6.987
269.233,2.841,7.042
269.267,2.841,7.042
269.300,2.851,7.096
269.333,2.851,7.096
269.367,2.851,7.096
269.400,2.851,7.096
269.433,2.851,6.800
269.467,2.851,6.800
269.500,2.851,6.800
269.533,2.865,6.866
269.567,2.872,6.924
269.600,2.872,6.924
269.633,2.872,6.639
269.667,2.872,6.639
269.700,2.881,6.743
269.733,2.881,6.743
269.767,2.881,6.743
269.800,2.881,6.743
269.833,2.893,6.864
269.867,2.893,6.864
269.900,2.893,6.864
269.933,2.893,6.565
269.967,2.905,6.699
270.000,2.914,6.820
270.033,2.914,6.820
270.067,2.926,6.923
270.100,2.935,7.023
270.133,2.935,7.023
270.167,2.935,7.023
270.200,2.117,7.023
270.233,2.117,7.023
270.267,2.213,7.105
270.300,2.213,7.105
270.333,2.213,7.105
270.367,2.213,7.105
270.400,2.213,7.105
270.433,2.213,7.105
270.467,2.302,7.180
270.500,2.302,7.180
270.533,2.302,7.180
270.567,2.302,6.836
270.600,2.302,6.836
270.633,2.302,6.836
270.667,2.302,6.836
270.700,2.302,6.836
270.733,2.302,6.836
270.767,2.302,6.836
270.800,2.302,6.836
270.833,2.388,6.941
270.867,2.388,6.941
270.900,2.465,7.040
270.933,2.465,7.040
270.967,2.465,6.705
271.000,2.540,6.826
271.033,2.603,6.942
271.067,2.660,7.049
271.100,2.660,7.049
271.133,2.660,7.049
271.167,2.660,7.049
271.200,2.716,7.138
271.233,2.716,7.138
271.267,2.716,7.138
271.300,2.762,7.222
271.333,2.807,7.297
271.367,2.807,7.297
271.400,2.807,7.297
271.433,2.855,7.365
271.467,2.855,7.365
271.500,2.855,7.365
271.533,2.855,7.365
271.567,2.855,7.365
271.600,2.855,6.997
271.633,2.897,7.113
271.667,2.931,7.219
271.700,2.931,7.219
271.733,2.931,7.219
271.767,2.931,7.219
271.800,2.973,7.306
271.833,3.010,7.389
271.867,3.042,7.460
271.900,3.066,7.529
271.933,3.066,7.529
271.967,3.066,7.529
272.000,3.066,7.529
272.033,3.093,7.587
272.067,3.118,7.636
272.100,3.143,7.684
272.133,3.143,7.303
272.167,3.143,7.303
272.200,3.143,7.303
272.233,3.149,7.420
272.267,3.149,7.420
272.300,3.168,7.504
272.333,3.192,7.565
272.367,3.218,7.618
272.400,3.218,7.618
272.433,3.218,7.618
272.467,3.235,7.671
272.500,3.235,7.297
272.533,3.235,7.297
272.567,3.261,7.373
272.600,3.281,7.446
272.633,3.281,7.446
272.667,3.281,7.446
272.700,3.281,7.446
272.733,3.281,7.114
272.767,3.300,7.218
272.800,3.300,7.218
272.833,3.300,7.218
272.867,3.319,7.310
272.900,3.319,7.310
272.933,3.319,7.310
272.967,3.319,7.310
273.000,3.319,7.310
273.033,3.319,7.310
273.067,3.319,7.310
273.100,3.319,7.310
273.133,3.319,7.310
273.167,3.319,7.310
273.200,3.319,7.310
273.233,3.319,7.310
273.267,3.319,7.310
273.300,3.334,7.373
273.333,3.343,7.433
273.367,3.356,7.485
273.400,3.371,7.536
273.433,3.382,7.571
273.467,3.382,7.571
273.500,3.384,7.609
273.533,3.384,7.609
273.567,3.392,7.632
273.600,3.396,7.658
273.633,3.403,7.676
273.667,3.408,7.695
273.700,3.408,7.695
273.733,3.408,7.695
273.767,3.420,7.705
273.800,3.420,7.705
273.833,3.417,7.712
273.867,3.417,7.712
273.900,3.427,7.713
273.933,3.427,7.713
273.967,3.427,7.713
274.000,3.427,7.713
274.033,3.429,7.721
274.067,3.429,7.721
274.100,3.429,7.721
274.133,3.442,7.723
274.167,3.442,7.429
274.200,3.442,7.429
274.233,3.450,7.455
274.267,3.450,7.455
274.300,3.450,7.455
274.333,3.450,7.455
274.367,3.450,7.455
274.400,3.459,7.490
274.433,3.465,7.519
274.467,3.477,7.544
274.500,3.477,7.544
274.533,3.477,7.544
274.567,3.486,7.568
274.600,3.486,7.309
274.633,3.486,7.309
274.667,3.502,7.352
274.700,3.502,7.352
274.733,3.502,7.352
274.767,3.502,7.352
274.800,3.502,7.352
274.833,3.512,7.385
274.867,3.512,7.385
274.900,3.516,7.420
274.933,3.517,7.441
274.967,3.517,7.441
275.000,3.524,7.460
275.033,3.524,7.460
275.067,3.524,7.460
275.100,3.524,7.460
275.133,3.524,7.460
275.167,3.523,7.469
275.200,3.523,7.469
275.233,3.525,7.475
275.267,3.528,7.481
275.300,3.528,7.481
275.333,3.528,7.481
275.367,3.528,7.475
275.400,3.528,7.475
275.433,3.528,7.266
275.467,3.528,7.266
275.500,3.528,7.266
275.533,3.528,7.081
275.567,3.528,7.081
275.600,3.527,7.107
275.633,3.533,7.130
275.667,3.533,7.130
275.700,3.540,7.149
275.733,3.540,7.149
275.767,3.540,7.149
275.800,3.543,7.162
275.833,3.543,7.162
275.867,3.543,7.162
275.900,3.546,7.173
275.933,3.546,7.173
275.967,3.543,7.185
276.000,3.544,7.187
276.033,3.544,7.187
276.067,3.548,7.182
276.100,3.553,7.179
276.133,3.549,7.184
276.167,3.545,7.183
276.200,3.545,7.183
276.233,3.545,7.183
276.267,3.537,7.179
276.300,3.534,7.179
276.333,3.531,7.181
276.367,3.531,7.181
276.400,3.529,7.171
276.433,3.532,7.152
276.467,3.531,7.131
276.500,3.531,7.117
276.533,3.533,7.108
276.567,3.540,7.100
276.600,3.540,7.100
276.633,3.540,7.100
276.667,3.540,7.100
276.700,3.541,7.093
276.733,3.541,7.093
276.767,3.541,7.093
276.800,3.541,7.093
276.833,3.541,7.093
276.867,3.541,7.093
276.900,3.535,7.071
276.933,3.535,7.071
276.967,3.535,7.071
277.000,3.535,7.071
277.033,3.535,7.071
277.067,3.535,7.071
277.100,3.535,6.991
277.133,3.535,6.919
277.167,3.535,6.919
277.200,3.536,6.908
277.233,3.536,6.908
277.267,3.536,6.908
277.300,3.535,6.899
277.333,3.535,6.899
277.367,3.539,6.879
277.400,3.539,6.879
277.433,3.539,6.879
277.467,3.540,6.862
277.500,3.540,6.862
277.533,3.540,6.862
277.567,3.540,6.862
277.600,3.540,6.862
277.633,3.538,6.833
277.667,3.538,6.833
277.700,3.534,6.804
277.733,3.534,6.804
277.767,3.534,6.804
277.800,3.531,6.775
277.833,3.530,6.748
277.867,3.524,6.719
277.900,3.524,6.719
277.933,3.517,6.685
277.967,3.517,6.685
278.000,3.514,6.658
278.033,3.514,6.635
278.067,3.514,6.635
278.100,3.514,6.635
278.133,3.514,6.635
278.167,3.514,6.635
278.200,3.514,6.635
278.233,3.514,6.635
278.267,3.517,6.614
278.300,3.516,6.599
278.333,3.516,6.599
278.367,3.522,6.578
278.400,3.522,6.578
278.433,3.524,6.543
278.467,3.524,6.543
278.500,3.523,6.526
278.533,3.522,6.508
278.567,3.528,6.496
278.600,3.528,6.465
278.633,3.528,6.465
278.667,3.528,6.465
278.700,3.507,6.423
278.733,3.491,6.377
278.767,3.482,6.343
278.800,3.482,6.343
278.833,3.482,6.343
278.867,3.482,6.343
278.900,3.477,6.309
278.933,3.477,6.309
278.967,3.477,6.309
279.000,3.477,6.309
279.033,3.477,6.309
279.067,3.477,6.309
279.100,3.470,6.273
279.133,3.470,6.273
279.167,3.470,6.273
279.200,3.470,6.273
279.233,3.456,6.232
279.267,3.444,6.191
279.300,3.444,6.191
279.333,3.444,6.191
279.367,3.427,6.155
279.400,3.410,6.123
279.433,3.410,6.123
279.467,3.410,6.123
279.500,3.410,6.123
279.533,3.396,6.096
279.567,3.382,6.070
279.600,3.382,6.070
279.633,3.382,6.070
279.667,3.382,6.268
279.700,3.382,6.268
279.733,3.382,6.268
279.767,3.382,6.268
279.800,3.382,6.268
279.833,3.369,6.229
279.867,3.359,6.193
279.900,3.349,6.162
279.933,3.349,6.162
279.967,3.339,6.131
280.000,3.339,6.131
280.033,3.337,6.100
280.067,3.337,6.100
280.100,3.337,6.100
280.133,3.324,6.085
280.167,3.314,6.068
280.200,3.314,6.068
280.233,3.314,6.068
280.267,3.314,6.068
280.300,3.314,6.065
280.333,3.314,6.065
280.367,3.314,6.065
280.400,3.314,6.065
280.433,3.314,6.065
280.467,3.314,6.054
280.500,3.314,6.054
280.533,3.314,6.054
280.567,3.318,6.059
280.600,3.325,6.064
280.633,3.325,6.064
280.667,3.325,6.064
280.700,3.332,6.066
280.733,3.332,6.066
280.767,3.332,6.071
280.800,3.341,6.070
280.833,3.341,6.070
280.867,3.341,6.070
280.900,3.341,6.251
280.933,3.341,6.411
280.967,3.341,6.411
281.000,3.351,6.391
281.033,3.351,6.391
281.067,3.351,6.391
281.100,3.361,6.389
281.133,3.368,6.381
281.167,3.368,6.381
281.200,3.368,6.381
281.233,3.368,6.381
281.267,3.368,6.381
281.300,3.368,6.381
281.333,3.379,6.387
281.367,3.379,6.387
281.400,3.379,6.387
281.433,3.391,6.398
281.467,3.391,6.398
281.500,3.391,6.398
281.533,3.405,6.414
281.567,3.419,6.428
281.600,3.419,6.428
281.633,3.431,6.438
281.667,3.431,6.438
281.700,3.431,6.550
281.733,3.431,6.550
281.767,3.437,6.546
281.800,3.437,6.546
281.833,3.437,6.546
281.867,3.437,6.546
281.900,3.437,6.546
281.933,3.437,6.546
281.967,3.437,6.546
282.000,3.437,6.546
282.033,3.437,6.546
282.067,3.437,6.546
282.100,3.442,6.562
282.133,3.442,6.562
282.167,3.442,6.562
282.200,3.456,6.575
282.233,3.468,6.588
282.267,3.468,6.588
282.300,3.475,6.599
282.333,3.475,6.599
282.367,3.475,6.599
282.400,3.475,6.599
282.433,3.475,6.599
282.467,3.475,6.599
282.500,3.475,6.599
282.533,3.475,6.599
282.567,3.475,6.599
282.600,3.475,6.686
282.633,3.491,6.706
282.667,3.491,6.706
282.700,3.503,6.729
282.733,3.503,6.729
282.767,3.503,6.729
282.800,3.503,6.729
282.833,3.503,6.793
282.867,3.515,6.812
282.900,3.515,6.812
282.933,3.515,6.812
282.967,3.515,6.812
283.000,3.515,6.812
283.033,3.515,6.812
283.067,3.533,6.842
283.100,3.533,6.842
283.133,3.545,6.870
283.167,3.545,6.870
283.200,3.566,6.891
283.233,3.581,6.921
283.267,3.581,6.921
283.300,3.581,6.921
283.333,3.589,6.949
283.367,3.589,6.949
283.400,3.589,6.949
283.433,3.589,6.949
283.467,3.609,6.977
283.500,3.609,6.977
283.533,3.622,7.006
283.567,3.632,7.031
283.600,3.632,7.031
283.633,3.643,7.057
283.667,3.643,7.057
283.700,3.643,7.057
283.733,3.651,7.082
283.767,3.651,7.082
283.800,3.651,7.082
283.833,3.651,7.082
283.867,3.651,7.082
283.900,3.651,7.082
283.933,3.651,7.082
283.967,3.667,7.120
284.000,3.667,7.120
284.033,3.667,7.120
284.067,3.667,7.120
284.100,3.683,7.158
284.133,3.683,7.130
284.167,3.683,7.112
284.200,3.699,7.162
284.233,3.699,7.162
284.267,3.699,7.132
284.300,3.699,7.132
284.333,3.716,7.193
284.367,3.716,7.193
284.400,3.716,7.193
284.433,3.716,7.193
284.467,3.716,7.193
284.500,3.716,7.193
284.533,3.716,7.193
284.567,3.738,7.272
284.600,3.738,7.272
284.633,3.771,7.343
284.667,3.771,7.343
284.700,3.790,7.416
284.733,3.790,7.416
284.767,3.790,7.416
284.800,3.818,7.481
284.833,3.841,7.543
284.867,3.856,7.596
284.900,3.870,7.644
284.933,3.870,7.644
284.967,3.889,7.685
285.000,3.889,7.685
285.033,3.903,7.739
285.067,3.903,7.739
285.100,3.903,7.739
285.133,3.903,7.739
285.167,3.903,7.739
285.200,3.903,7.739
285.233,3.921,7.794
285.267,3.937,7.851
285.300,3.937,7.851
285.333,3.954,7.899
285.367,3.954,7.899
285.400,3.954,7.730
285.433,3.954,7.574
285.467,3.973,7.663
285.500,3.973,7.663
285.533,3.993,7.752
285.567,3.993,7.752
285.600,3.993,7.752
285.633,3.993,7.752
285.667,3.993,7.752
285.700,4.004,7.809
285.733,4.012,7.871
285.767,4.012,7.871
285.800,4.012,7.871
285.833,4.029,7.928
285.867,4.029,7.928
285.900,4.029,7.928
285.933,4.029,7.928
285.967,4.029,7.928
286.000,4.035,7.976
286.033,4.035,7.976
286.067,4.042,8.025
286.100,4.042,8.025
286.133,4.042,8.025
286.167,4.054,8.080
286.200,4.054,7.884
286.233,4.054,7.884
286.267,4.054,7.884
286.300,4.054,7.884
286.333,4.060,7.950
286.367,4.060,7.950
286.400,4.065,8.035
286.433,4.065,7.807
286.467,4.065,7.807
286.500,4.065,7.807
286.533,4.092,7.913
286.567,4.108,8.015
286.600,4.120,8.110
286.633,4.120,8.110
286.667,4.120,8.110
286.700,3.236,8.110
286.733,3.236,8.110
286.767,3.349,8.198
286.800,3.349,8.198
286.833,3.349,8.198
286.867,3.349,8.198
286.900,3.349,7.918
286.933,3.451,8.020
286.967,3.451,8.020
287.000,3.548,8.119
287.033,3.631,8.209
287.067,3.703,8.290
287.100,3.703,8.290
287.133,3.776,8.349
287.167,3.839,8.399
287.200,3.886,8.449
287.233,3.886,8.449
287.267,3.936,8.488
287.300,3.979,8.525
287.333,4.019,8.558
287.367,4.064,8.583
287.400,4.086,8.613
287.433,4.121,8.623
287.467,4.121,8.623
287.500,4.121,8.623
287.533,4.121,8.623
287.567,4.121,8.623
287.600,4.121,8.623
287.633,4.121,8.623
287.667,4.141,8.632
287.700,4.141,8.632
287.733,4.159,8.639
287.767,4.175,8.642
287.800,4.200,8.633
287.833,4.200,8.633
287.867,4.200,8.633
287.900,4.200,8.633
287.933,4.217,8.626
287.967,4.217,8.626
288.000,4.217,8.626
288.033,4.228,8.620
288.067,4.228,8.620
288.100,4.228,8.620
288.133,4.242,8.598
288.167,4.242,8.598
288.200,4.242,8.598
288.233,4.242,8.598
288.267,4.254,8.577
288.300,4.256,8.558
288.333,4.266,8.534
288.367,4.266,8.534
288.400,4.266,8.289
288.433,4.272,8.286
288.467,4.272,8.286
288.500,4.280,8.282
288.533,4.280,8.066
288.567,4.280,8.066
288.600,4.280,8.066
288.633,4.280,8.066
288.667,4.280,8.066
288.700,4.280,8.066
288.733,4.278,8.070
288.767,4.278,7.894
288.800,4.278,7.894
288.833,4.278,7.894
288.867,4.288,7.910
288.900,4.288,7.910
288.933,4.292,7.926
288.967,4.292,7.926
289.000,4.298,7.940
289.033,4.298,7.940
289.067,4.298,7.940
289.100,4.298,7.940
289.133,4.298,7.940
289.167,4.298,7.940
289.200,4.300,7.952
289.233,4.305,7.953
289.267,4.314,7.952
289.300,4.313,7.955
289.333,4.313,7.955
289.367,4.314,7.956
289.400,4.314,7.956
289.433,4.314,7.956
289.467,4.314,7.956
289.500,4.319,7.948
289.533,4.319,7.948
289.567,4.326,7.943
289.600,4.324,7.940
289.633,4.322,7.935
289.667,4.329,7.927
289.700,4.329,7.927
289.733,4.329,7.927
289.767,4.337,7.917
289.800,4.341,7.913
289.833,4.341,7.913
289.867,4.338,7.911
289.900,4.338,7.911
289.933,4.343,7.901
289.967,4.343,7.901
290.000,4.349,7.893
290.033,4.349,7.893
290.067,4.349,7.893
290.100,4.349,7.893
290.133,4.353,7.880
290.167,4.353,7.809
290.200,4.359,7.800
290.233,4.359,7.800
290.267,4.361,7.790
290.300,4.361,7.790
290.333,4.361,7.790
290.367,4.361,7.790
290.400,4.361,7.790
290.433,4.361,7.790
290.467,4.361,7.790
290.500,4.361,7.790
290.533,4.361,7.790
290.567,4.361,7.790
290.600,4.359,7.765
290.633,4.359,7.765
290.667,4.359,7.765
290.700,4.359,7.765
290.733,4.361,7.743
290.767,4.361,7.743
290.800,4.361,7.743
290.833,4.361,7.743
290.867,4.361,7.743
290.900,4.369,7.716
290.933,4.369,7.716
290.967,4.369,7.716
291.000,4.373,7.686
291.033,4.373,7.686
291.067,4.373,7.686
291.100,4.373,7.686
291.133,4.372,7.656
291.167,4.372,7.656
291.200,4.372,7.656
291.233,4.372,7.656
291.267,4.372,7.656
291.300,4.378,7.627
291.333,4.378,7.627
291.367,4.378,7.627
291.400,4.378,7.627
291.433,4.378,7.588
291.467,4.379,7.555
291.500,4.379,7.555
291.533,4.379,7.555
291.567,4.379,7.555
291.600,4.379,7.555
291.633,4.379,7.555
291.667,4.379,7.605
291.700,4.385,7.561
291.733,4.389,7.520
291.767,4.389,7.520
291.800,4.389,7.584
291.833,4.394,7.520
291.867,4.400,7.462
291.900,4.400,7.462
291.933,4.400,7.531
291.967,4.400,7.531
292.000,4.400,7.531
292.033,4.400,7.531
292.067,4.400,7.531
292.100,4.400,7.459
292.133,4.397,7.395
292.167,4.397,7.336
292.200,4.397,7.336
292.233,4.397,7.336
292.267,4.397,7.336
292.300,4.397,7.336
292.333,4.397,7.336
292.367,4.397,7.336
292.400,4.397,7.336
292.433,4.397,7.336
292.467,4.397,7.466
292.500,4.397,7.466
292.533,4.397,7.466
292.567,4.397,7.583
292.600,4.397,7.583
292.633,4.390,7.503
292.667,4.390,7.503
292.700,4.390,7.503
292.733,4.390,7.503
292.767,4.390,7.623
292.800,4.390,7.623
292.833,4.390,7.623
292.867,4.390,7.623
292.900,4.390,7.623
292.933,4.390,7.623
292.967,4.390,7.733
293.000,4.390,7.733
293.033,4.390,7.824
293.067,4.383,7.704
293.100,4.383,7.704
293.133,4.383,7.801
293.167,4.383,7.801
293.200,4.364,7.682
293.233,4.364,7.682
293.267,4.351,7.577
293.300,4.351,7.577
293.333,4.351,7.577
293.367,4.351,7.577
293.400,4.351,7.577
293.433,4.351,7.577
293.467,3.530,7.577
293.500,3.530,7.577
293.533,3.530,7.577
293.567,3.530,7.577
293.600,3.530,7.577
293.633,3.600,7.476
293.667,3.666,7.379
293.700,3.717,7.299
293.733,3.717,7.299
293.767,3.717,7.299
293.800,3.757,7.228
293.833,3.757,7.228
293.867,3.796,7.157
293.900,3.796,7.157
293.933,3.832,7.090
293.967,3.832,7.090
294.000,3.832,7.090
294.033,3.864,7.026
294.067,3.864,7.026
294.100,3.864,7.026
294.133,3.864,7.200
294.167,3.886,7.124
294.200,3.909,7.051
294.233,3.909,7.051
294.267,3.933,6.983
294.300,3.947,6.927
294.333,3.956,6.883
294.367,3.956,6.883
294.400,3.965,6.841
294.433,3.965,6.841
294.467,3.965,6.841
294.500,3.976,6.796
294.533,3.976,6.796
294.567,3.976,6.796
294.600,3.976,6.796
294.633,3.980,6.757
294.667,3.982,6.722
294.700,3.974,6.698
294.733,3.974,6.698
294.767,3.967,6.665
294.800,3.967,6.665
294.833,3.973,6.622
294.867,3.978,6.582
294.900,3.978,6.582
294.933,3.978,6.582
294.967,3.970,6.554
295.000,3.970,6.554
295.033,3.970,6.554
295.067,3.970,6.554
295.100,3.963,6.527
295.133,3.945,6.514
295.167,3.844,6.592
295.200,3.797,6.576
295.233,3.797,6.576
295.267,3.790,6.536
295.300,3.760,6.542
295.333,3.760,6.542
295.367,3.760,6.542
295.400,3.760,6.542
295.433,3.760,6.756
295.467,3.760,6.945
295.500,3.760,6.945
295.533,3.760,7.122
295.567,3.760,7.122
295.600,3.761,7.023
295.633,3.761,7.023
295.667,3.761,7.023
295.700,3.761,7.023
295.733,3.758,6.938
295.767,3.758,6.938
295.800,3.765,6.853
295.833,3.765,6.853
295.867,3.765,6.853
295.900,3.765,6.853
295.933,3.765,6.853
295.967,3.768,6.778
296.000,3.768,6.778
296.033,3.765,6.714
296.067,3.765,6.714
296.100,3.765,6.714
296.133,3.765,6.714
296.167,3.765,6.714
296.200,3.765,6.714
296.233,3.767,6.656
296.267,3.767,6.656
296.300,3.773,6.603
296.333,3.773,6.603
296.367,3.776,6.556
296.400,3.776,6.556
296.433,3.782,6.508
296.467,3.782,6.508
296.500,3.782,6.508
296.533,3.782,6.715
296.567,3.782,6.715
296.600,3.782,6.715
296.633,3.782,6.715
296.667,3.782,6.715
296.700,3.782,6.906
296.733,3.782,6.906
296.767,3.782,6.906
296.800,3.782,6.906
296.833,3.787,6.830
296.867,3.787,6.830
296.900,3.787,6.830
296.933,3.795,6.760
296.967,3.795,6.760
297.000,3.795,6.760
297.033,3.795,6.760
297.067,3.804,6.699
297.100,3.804,6.699
297.133,3.804,6.699
297.167,3.808,6.651
297.200,3.808,6.651
297.233,3.808,6.651
297.267,3.819,6.605
297.300,3.828,6.565
297.333,3.837,6.528
297.367,3.846,6.497
297.400,3.846,6.497
297.433,3.858,6.464
297.467,3.858,6.464
297.500,3.872,6.443
297.533,3.872,6.443
297.567,3.872,6.443
297.600,3.872,6.443
297.633,3.872,6.645
297.667,3.872,6.645
297.700,3.872,6.645
297.733,3.872,6.645
297.767,3.872,6.645
297.800,3.872,6.645
297.833,3.892,6.614
297.867,3.910,6.587
297.900,3.910,6.765
297.933,3.929,6.721
297.967,3.929,6.721
298.000,3.929,6.883
298.033,3.929,6.883
298.067,3.952,6.836
298.100,3.952,6.836
298.133,3.952,6.836
298.167,3.952,6.836
298.200,3.952,6.836
298.233,3.978,6.801
298.267,3.978,6.801
298.300,3.978,6.801
298.333,4.004,6.776
298.367,4.031,6.750
298.400,4.059,6.728
298.433,4.059,6.728
298.467,4.078,6.713
298.500,4.097,6.697
298.533,4.097,6.697
298.567,4.097,6.697
298.600,4.097,6.853
298.633,4.097,6.853
298.667,4.097,6.853
298.700,4.097,6.853
298.733,4.097,6.853
298.767,4.125,6.835
298.800,4.125,6.835
298.833,4.154,6.826
298.867,4.179,6.820
298.900,4.179,6.820
298.933,4.179,6.820
298.967,4.204,6.815
299.000,4.204,6.815
299.033,4.227,6.815
299.067,4.227,6.815
299.100,4.250,6.818
299.133,4.250,6.970
299.167,4.250,7.113
299.200,4.250,7.113
299.233,4.250,7.113
299.267,4.273,7.094
299.300,4.273,7.094
299.333,4.273,7.094
299.367,4.273,7.094
299.400,4.273,7.094
299.433,4.300,7.079
299.467,4.300,7.079
299.500,4.300,7.079
299.533,4.300,7.079
299.567,4.327,7.068
299.600,4.355,7.059
299.633,4.355,7.059
299.667,4.355,7.059
299.700,4.383,7.058
299.733,4.383,7.058
299.767,4.411,7.063
299.800,4.437,7.070
299.833,4.437,7.197
299.867,4.437,7.197
299.900,4.462,7.192
299.933,4.462,7.192
299.967,4.462,7.192
300.000,4.462,7.192
300.033,4.462,7.192
300.067,4.462,7.192
300.100,4.462,7.192
300.133,4.490,7.199
300.167,4.490,7.199
300.200,4.523,7.209
300.233,4.523,7.209
300.267,4.550,7.225
300.300,4.550,7.225
300.333,4.582,7.240
300.367,4.609,7.250
300.400,4.609,7.250
300.433,4.609,7.250
300.467,4.609,7.250
300.500,4.637,7.265
300.533,4.637,7.265
300.567,4.637,7.265
300.600,4.637,7.265
300.633,4.645,7.298
300.667,4.645,7.298
300.700,4.645,7.298
300.733,4.645,7.298
300.767,4.645,7.298
300.800,4.650,7.328
300.833,4.650,7.328
300.867,4.677,7.337
300.900,4.677,7.509
300.933,4.697,7.513
300.967,4.697,7.513
301.000,4.727,7.500
301.033,4.727,7.500
301.067,4.727,7.668
301.100,4.727,7.668
301.133,4.727,7.668
301.167,4.727,7.668
301.200,4.756,7.642
301.233,4.756,7.642
301.267,4.756,7.642
301.300,4.756,7.642
301.333,4.756,7.642
301.367,4.775,7.620
301.400,4.775,7.620
301.433,4.801,7.606
301.467,4.824,7.589
301.500,4.843,7.574
301.533,4.857,7.559
301.567,4.871,7.543
301.600,4.871,7.543
301.633,4.871,7.543
301.667,4.885,7.540
301.700,4.885,7.540
301.733,4.903,7.540
301.767,4.914,7.536
301.800,4.919,7.532
301.833,4.919,7.532
301.867,4.919,7.532
301.900,4.931,7.535
301.933,4.931,7.664
301.967,4.950,7.656
302.000,4.950,7.656
302.033,4.950,7.780
302.067,4.950,7.780
302.100,4.950,7.780
302.133,4.971,7.774
302.167,4.971,7.774
302.200,4.999,7.782
302.233,5.021,7.796
302.267,5.041,7.806
302.300,5.059,7.814
302.333,5.076,7.822
302.367,5.090,7.832
302.400,5.107,7.844
302.433,5.130,7.863
302.467,5.130,7.863
302.500,5.130,7.863
302.533,5.130,7.863
302.567,5.130,7.863
302.600,5.130,7.863
302.633,5.130,7.863
302.667,5.160,7.900
302.700,5.160,7.900
302.733,5.160,7.900
302.767,5.160,7.900
302.800,5.160,7.900
302.833,5.194,7.948
302.867,5.226,7.997
302.900,5.226,7.997
302.933,5.226,7.956
302.967,5.226,7.956
303.000,5.226,7.956
303.033,5.226,7.956
303.067,5.264,8.022
303.100,5.264,8.022
303.133,5.264,8.022
303.167,5.307,8.085
303.200,5.307,8.085
303.233,5.342,8.147
303.267,5.342,8.147
303.300,5.376,8.200
303.333,5.410,8.245
303.367,5.410,8.136
303.400,5.410,8.136
303.433,5.410,8.136
303.467,5.410,8.026
303.500,5.454,8.116
303.533,5.454,8.116
303.567,5.454,8.116
303.600,5.493,8.200
303.633,5.525,8.285
303.667,5.525,8.129
303.700,5.525,8.129
303.733,5.525,8.129
303.767,5.566,8.235
303.800,5.566,8.235
303.833,5.566,8.235
303.867,5.607,8.350
303.900,5.607,8.350
303.933,5.607,8.350
303.967,5.656,8.454
304.000,5.656,8.454
304.033,5.656,8.454
304.067,5.656,8.454
304.100,5.656,8.454
304.133,5.656,8.454
304.167,5.715,8.565
304.200,5.715,8.565
304.233,5.715,8.565
304.267,5.715,8.565
304.300,5.715,8.270
304.333,5.715,8.270
304.367,5.715,8.270
304.400,5.715,8.270
304.433,5.715,8.270
304.467,5.715,8.270
304.500,5.715,8.270
304.533,5.715,8.270
304.567,5.715,8.270
304.600,5.715,8.270
304.633,5.715,8.270
304.667,5.715,8.270
304.700,5.715,8.270
304.733,5.715,8.270
304.767,5.715,8.270
304.800,5.806,8.475
304.833,5.886,8.661
304.867,5.952,8.836
304.900,5.952,8.836
304.933,5.952,8.836
304.967,5.952,8.836
305.000,5.952,8.836
305.033,6.025,9.016
305.067,6.025,9.016
305.100,6.025,9.016
305.133,6.025,9.016
305.167,6.100,9.187
305.200,6.100,9.187
305.233,6.100,9.187
305.267,6.171,9.359
305.300,6.242,9.514
305.333,6.305,9.652
305.367,6.305,9.652
305.400,6.305,9.652
305.433,6.369,9.788
305.467,6.369,9.788
305.500,6.369,9.788
305.533,6.428,9.931
305.567,6.428,9.931
305.600,6.428,9.931
305.633,6.428,9.931
305.667,6.428,9.931
305.700,6.428,9.205
305.733,6.428,9.205
305.767,6.428,9.205
305.800,6.428,8.513
305.833,6.498,8.817
305.867,6.564,9.090
305.900,6.622,9.337
305.933,6.681,9.556
305.967,6.731,9.758
306.000,6.779,9.943
306.033,6.822,10.119
306.067,6.822,10.119
306.100,6.822,10.119
306.133,6.868,10.287
306.167,6.912,10.432
306.200,6.951,10.568
306.233,6.985,10.703
306.267,7.013,10.839
306.300,7.013,10.839
306.333,7.013,10.839
306.367,7.013,10.839
306.400,7.013,10.839
306.433,7.049,10.965
306.467,7.049,10.965
306.500,7.049,10.965
306.533,7.049,9.945
306.567,7.049,9.945
306.600,7.096,10.171
306.633,7.096,10.171
306.667,7.096,9.206
306.700,7.135,9.515
306.733,7.135,9.515
306.767,7.135,9.515
306.800,7.135,9.515
306.833,7.179,9.801
306.867,7.179,9.801
306.900,7.221,10.068
306.933,7.221,10.068
306.967,7.221,10.068
307.000,7.221,10.068
307.033,7.221,10.068
307.067,7.221,10.068
307.100,7.221,10.068
307.133,7.261,10.330
307.167,7.295,10.567
307.200,7.295,10.567
307.233,7.295,10.567
307.267,7.295,10.567
307.300,7.295,10.567
307.333,7.295,10.567
307.367,7.295,10.567
307.400,7.295,10.567
307.433,7.295,10.567
307.467,7.295,10.567
307.500,7.341,10.821
307.533,7.341,10.821
307.567,7.389,11.047
307.633,7.432,11.256
307.733,7.432,11.256
307.767,7.432,11.256
307.800,7.476,11.449
307.833,7.476,11.449
307.867,7.515,11.651
307.900,7.552,11.852
307.933,7.581,12.033
307.967,7.621,12.185
308.100,7.621,12.185
308.133,7.668,12.335
308.167,7.668,12.335
308.233,7.668,12.335
